id,domain,status,purchase_price,renewal_price,attractiveness,demand,length,registrar,created_at,expires_at,status_verified_at
719c240d-6b83-498e-8964-a3780cd462ce,ordered.link,premium,41.3,41.3,high,low,7,namesilo,,,22/09/2026 08:32
e07ee39c-44e3-4ae0-a2e9-0a6874ef95da,localised.link,premium,41.3,41.3,medium,low,9,namesilo,,,24/08/2026 08:47
75638d1d-e5a1-44f3-aadf-a9c11bca032e,taurine.link,premium,77.35,77.35,medium,low,7,namesilo,,,11/09/2026 09:15
8c4fba00-7f83-4702-b214-d6ea2bfe8f2b,holyoke.link,premium,27.82,27.82,medium,low,7,porkbun,,,28/09/2026 08:11
0cf67153-4605-4612-adcd-8ff9c9b3c090,taxed.link,premium,36.43,36.43,medium,low,5,spaceship,,,02/10/2026 18:15
fba02c73-9039-4b9a-b4cd-872a95f06f7f,bonaparte.link,premium,172.8,172.8,medium,low,9,namesilo,,,25/09/2026 00:27
34e369d6-99b2-4fba-b61b-68bc124b9b5b,homoerotic.link,available,4.48,11.98,medium,low,10,namecheap,,,21/08/2026 12:51
fbc0527a-ef50-4128-aadf-2a6bd64a7990,kennan.link,premium,35.2,,medium,low,6,unstoppable,,,03/10/2026 00:57
c686b6c8-10ee-4483-8129-bcc7e9fe589a,epos.link,premium,937.5,937.5,high,low,4,name.com,,,17/08/2026 10:28
374f21d4-9c46-4af0-9cb9-b9a3b677c0a1,indanger.link,available,8.59,8.59,medium,low,9,namesilo,,,
12705b7d-15db-4bf5-a9d7-d460bedd124d,ricardo.link,premium,960,960,high,low,7,namesilo,,,25/09/2026 04:47
7b7699cb-a3b0-471a-b3e9-0b454294917e,hmong.link,premium,168.75,168.75,high,low,5,name.com,,,21/08/2026 10:02
f623de55-8b1b-4a30-82bb-bbd05b7e5e95,maxi.link,premium,1875,1875,high,low,4,name.com,,,24/08/2026 17:46
3a35ffe5-d624-4cd8-b263-4ff0888e9e46,stein.link,premium,960,960,high,low,5,namesilo,,,23/09/2026 01:47
52a9c1f0-b960-45e5-bf96-12c864166616,exchanging.link,premium,77.35,77.35,medium,low,10,namesilo,,,20/09/2026 00:55
0e35ee85-bc75-41b1-a23c-e508eebd0d07,lgbt.link,premium,1552.7,1552.7,high,low,4,spaceship,,,28/09/2026 17:00
5b57326a-a706-4585-9f48-a7c7912e9e88,mie.link,premium,455,455,medium,low,3,namecheap,,,30/09/2026 13:22
070a5db3-f7c6-4369-a5c1-6ff37f585698,lenient.link,available,4.48,11.98,high,low,7,namecheap,,,22/08/2026 23:46
76ab229c-acdf-4490-861c-da2824af5e5f,lav.link,premium,448,448,medium,low,3,namesilo,,,09/09/2026 02:16
629c7383-4762-4fd1-a8d1-5290abe889be,commits.link,premium,41.3,41.3,medium,low,7,namesilo,,,30/09/2026 16:09
5752cd5f-f86e-4fe1-a178-daf0ed72fc0c,comparable.link,premium,45.5,45.5,high,low,10,namecheap,,,23/09/2026 16:34
8471e7db-3dca-4b0f-9ef0-5dbdbdda3500,anorak.link,premium,172.8,172.8,medium,low,6,namesilo,,,19/09/2026 11:41
95757de4-32f4-4afd-a4b3-90b0ebcb194d,handing.link,premium,38.73,38.73,medium,low,7,porkbun,,,28/09/2026 11:31
474b70ec-5823-45c4-bcf8-7b321a8d7356,visually.link,premium,172.8,172.8,medium,low,8,namesilo,,,16/09/2026 11:04
0c0918b8-f68e-4bc8-ab77-672d0c136435,elasticity.link,premium,38.5,38.5,high,low,10,dynadot,,,02/10/2026 14:59
2094fd94-1d64-4b8b-8aec-6527b877393b,stakes.link,premium,175.5,175.5,high,low,6,namecheap,,,23/09/2026 10:49
c0afe934-dc29-4700-ab07-361e26d85aff,advanced.link,premium,1500.2,1552.7,high,low,8,unstoppable,,,01/10/2026 18:49
87694cb1-7397-4312-a7a6-a6b8c76b5b82,ballade.link,premium,29.5,29.5,medium,low,7,namesilo,,,21/09/2026 22:41
f67c87d0-d66e-4f65-bd5f-eda749e3151f,glial.link,premium,29.5,29.5,medium,low,5,namesilo,,,20/08/2026 14:24
8a99ea59-01fd-4c93-b0b8-5eb506a9a2ae,threads.link,resell,,,high,low,7,"Spaceship, Inc.",16/02/2017 16:24,16/02/2027 16:24,26/09/2026 09:36
6c4dab9d-a9c4-4b88-8a7e-ebd552bf04ee,amends.link,premium,29.5,29.5,high,low,6,namesilo,,,18/09/2026 18:41
bd66e5a2-31e9-47ad-92bb-244e00889d06,coffeecakes.link,available,8.59,8.59,medium,low,11,namesilo,,,21/09/2026 00:59
11951b57-02e0-4865-8643-16fb66f5bc1d,laverne.link,premium,67.48,67.48,medium,low,7,spaceship,,,02/10/2026 23:33
d7694973-1ce7-4777-86c2-c6976c59c6ad,schedules.link,premium,77.35,77.35,medium,low,9,namesilo,,,29/09/2026 05:57
5367a1c5-e783-4b29-bb87-85f9d5b90afd,climactic.link,available,4.48,11.98,medium,low,9,namecheap,,,12/08/2026 10:55
2b3448fe-7969-46ef-93c0-a325a58ce887,darmstadt.link,premium,135.2,,medium,low,9,unstoppable,,,28/09/2026 22:04
861d0d7f-e5e7-47ad-8b10-a9632df1a66d,pipe.link,premium,960,960,high,low,4,namesilo,,,27/09/2026 21:32
78368410-0eee-4950-a926-a1c0810f86f1,belittling.link,available,4.48,11.98,medium,low,10,namecheap,,,09/08/2026 13:10
be64e64a-32ac-4915-8f37-a2e9013a7737,guantanamo.link,available,2.27,7.45,medium,low,10,spaceship,,,28/09/2026 09:58
f4875e14-89c6-479b-9b2c-2e1c9ad45cf5,humour.link,premium,77.35,77.35,high,low,6,namesilo,,,24/09/2026 06:31
fe403921-141a-4c56-a8b7-ebf5f5c5936a,dated.link,premium,81.25,81.25,medium,low,5,name.com,,,13/08/2026 18:40
bc7c733b-e425-48d9-8abc-87b42af212a5,calabria.link,premium,139.93,139.93,medium,low,8,spaceship,,,29/09/2026 06:11
f5f0118f-2d65-4f2f-8677-582c0a25c347,marmaduke.link,premium,26.08,26.08,medium,low,9,spaceship,,,02/10/2026 19:44
aa6cd838-fbb7-4938-9a9c-08c7c878fa36,airily.link,premium,29.5,29.5,low,low,6,namesilo,,,13/09/2026 18:31
8bf4a0ca-3848-4427-8c67-75f043be7512,calculations.link,premium,41.3,41.3,medium,low,12,namesilo,,,17/09/2026 02:07
f04fe091-ded1-4940-90dc-d60dcbe953dd,maharashtra.link,premium,77.35,77.35,medium,low,11,namesilo,,,29/09/2026 03:41
5c3a9608-7b1e-4f45-8245-71c618455401,clique.link,premium,960,960,high,low,6,namesilo,,,24/09/2026 15:47
9b72b2ad-6443-44f8-968c-3a9f7bad11d2,racking.link,premium,77.35,77.35,medium,low,7,namesilo,,,09/09/2026 09:25
815e7470-2d24-46dc-8aaf-a323c1a220a2,inhabit.link,premium,168.75,168.75,high,low,7,name.com,,,24/08/2026 07:51
3228fe91-cd6c-4252-8b28-07cd4e552aba,dough.link,premium,300.8,300.8,high,low,5,namesilo,,,08/09/2026 03:53
9622c6cd-3272-452b-804c-c59ec6588686,freewill.link,premium,168.75,168.75,high,low,8,name.com,,,18/08/2026 15:00
5dae2172-a6cd-4bf6-b065-b985ce2a3494,sumerian.link,premium,41.3,41.3,high,low,8,namesilo,,,11/09/2026 01:33
9fff3e3d-765c-437a-b75e-cd0f9e6f25de,rarefied.link,premium,29.5,29.5,medium,low,8,namesilo,,,17/08/2026 15:44
70008093-6b98-4c21-a74f-0d30bb21c80c,oppose.link,premium,41.3,41.3,high,low,6,namesilo,,,30/09/2026 06:45
1be544a7-339e-4cc1-a4f0-c988addb6514,moritz.link,premium,448,448,medium,low,6,namesilo,,,28/09/2026 16:06
31c9e8ca-7293-4f40-b37b-236e69105626,strands.link,premium,139.93,139.93,medium,low,7,spaceship,,,02/10/2026 11:37
3c0151d2-caac-4f41-a643-c2f970923f22,lupus.link,premium,235.2,,medium,low,5,unstoppable,,,02/10/2026 05:40
a4526289-d25e-4387-a92d-493639bd9d79,bratty.link,premium,29.5,29.5,medium,low,6,namesilo,,,11/08/2026 02:37
9ab3f245-7134-4b9a-9407-1da127eed56b,upkeep.link,premium,305.5,305.5,high,low,6,namecheap,,,02/10/2026 05:41
00591195-fafd-425e-bb5a-81fc85f87f26,westlake.link,premium,354.38,472.5,high,low,8,namecheap,,,
51da91e1-dc40-457d-a489-6bf5bb8e7b86,allophonic.link,available,4.48,11.98,medium,low,10,namecheap,,,
ba9fb193-3ac8-48b5-bafe-0e6235b5a084,twain.link,premium,139.93,139.93,medium,low,5,spaceship,,,02/10/2026 04:28
9454c90b-dd23-4b4b-b74a-2809a400af16,quality.link,premium,4830,4830,high,low,7,namesilo,,,23/09/2026 14:21
6e178289-22d6-4e80-875c-39b33f618a82,kara.link,premium,825,825,high,low,4,dynadot,,,27/09/2026 16:38
020bd278-0bd5-4b75-a2ea-684bdeca823e,decoration.link,premium,258.5,258.5,high,low,10,dynadot,,,28/09/2026 18:55
fef36b4e-674c-42c3-9da6-ba6e6c4b701c,lucullan.link,available,4.48,11.98,medium,low,8,namecheap,,,24/08/2026 11:00
ad20bb14-2548-4d86-b0d5-e838c3a696c8,cereal.link,premium,293.75,293.75,high,low,6,name.com,,,12/08/2026 00:26
05d097e8-ed1d-41f7-a9f2-b6f388089ed7,abydos.link,premium,77.35,77.35,medium,low,6,namesilo,,,16/09/2026 19:41
0fa8225e-b447-4978-93c8-cdb0cfd6bd89,zeeland.link,premium,148.5,148.5,medium,low,7,dynadot,,,02/10/2026 08:22
3331ac44-cbf0-4ce1-b5cd-eaf33a928b75,demonstration.link,premium,148.5,148.5,high,low,13,dynadot,,,03/10/2026 01:27
b4efb5e5-182c-41f2-985a-49a077e9e76d,cycling.link,premium,975,975,high,low,7,namecheap,,,24/09/2026 20:45
45986996-7c63-4777-94b0-294205069b90,mclaren.link,premium,960,960,high,high,7,namesilo,,,28/09/2026 07:30
d097cba7-e3b7-48e3-a77d-688c616ea31c,yokel.link,premium,41.3,41.3,medium,low,5,namesilo,,,21/08/2026 08:01
9cb25420-fb05-455d-a341-140eb8f4aa14,overcame.link,available,7.71,7.71,medium,low,8,dynadot,,,02/10/2026 11:16
7eb3b7a2-6cab-425e-8e9e-6e58b7fc3a32,lifeless.link,premium,41.3,41.3,medium,low,8,namesilo,,,17/08/2026 15:52
406d6b66-5aae-41db-a748-c7948f83bd93,enceinte.link,premium,31.25,31.25,medium,low,8,name.com,,,16/08/2026 22:09
986b6bcd-9f3f-4c41-b8cd-d3f7f4fafd83,ecuadorian.link,available,4.48,11.98,high,low,10,namecheap,,,22/08/2026 01:40
3825b7bf-a2ab-4dfe-ae90-b1bb31097380,consents.link,premium,41.3,41.3,medium,low,8,namesilo,,,20/09/2026 13:43
79165257-5cb7-4c7d-a2ab-7b16fc80d2e3,medicare.link,premium,1552.7,1552.7,high,low,8,spaceship,,,01/10/2026 20:30
b200af2e-d02a-47a2-9820-5b7f2021c6cf,propose.link,premium,139.93,139.93,high,low,7,spaceship,,,30/09/2026 08:54
4085ef84-c042-4061-a2e9-602448a15ece,pretorian.link,premium,77.35,77.35,high,medium,9,namesilo,,,09/09/2026 01:00
0b9a6d75-60cf-4bb7-b6f9-26e78687b349,cornflower.link,premium,41.3,41.3,high,low,10,namesilo,,,21/09/2026 14:08
f8221ada-128e-4a94-a469-efe240c6e504,greed.link,premium,300.8,300.8,high,low,5,namesilo,,,21/09/2026 08:43
1e3c0e43-09f2-426e-8198-c20696b5c09f,carolingian.link,available,7.72,7.72,medium,low,11,porkbun,,,29/09/2026 21:19
792c9773-31f1-451a-a762-d5f4a61b539a,bionic.link,premium,937.5,937.5,high,low,6,name.com,,,10/08/2026 02:17
c3f2f311-0d0f-44bb-837a-1273b2106b30,operas.link,premium,77.35,77.35,medium,low,6,namesilo,,,30/09/2026 15:50
139c545d-8b99-430a-83e7-a85d04348de3,mercantile.link,premium,293.75,293.75,medium,low,10,name.com,,,24/08/2026 20:23
fea3b2ae-7337-4792-9431-d63cca4a7be9,albuterol.link,premium,81.25,81.25,medium,low,9,name.com,,,18/09/2026 03:32
cf873203-f9d3-41bd-abb4-b7119b54d48d,serrated.link,available,4.48,11.98,medium,low,8,namecheap,,,03/09/2026 22:08
59380866-1373-4937-9792-e7fecc92e06f,symons.link,premium,77.35,77.35,medium,low,6,namesilo,,,20/09/2026 11:07
725fb951-7886-47d0-a0d3-b5ee62dca59b,lxxxii.link,available,4.48,11.98,medium,low,6,namecheap,,,
20d86988-386b-4a14-99cb-1252d685538d,thusly.link,available,8.59,8.59,medium,low,6,namesilo,,,16/09/2026 09:04
4323040b-7411-49c0-9a21-fe6753a76055,backhoe.link,premium,41.3,41.3,medium,low,7,namesilo,,,21/09/2026 15:37
4ea4bb03-ece2-4cce-86b6-57bcfdecec21,brumal.link,available,4.48,11.98,medium,low,6,namecheap,,,11/08/2026 06:36
1d96171b-5385-4596-b9ab-ecfb498f8170,unconfined.link,available,4.48,11.98,medium,low,10,namecheap,,,12/09/2026 06:03
2ce3a3c3-7950-41db-b2db-75dc5e40b75e,mayonnaise.link,premium,77.35,77.35,high,low,10,namesilo,,,01/10/2026 02:59
5a5a1200-7772-48a8-bcb7-971ce4a86e28,unpaired.link,premium,77.35,77.35,medium,low,8,namesilo,,,12/09/2026 15:30
dbbc37a3-fbf7-44a4-83a2-2c5ff1de3fc0,playlists.link,premium,172.8,172.8,medium,low,9,namesilo,,,21/09/2026 09:24
f6d3bcee-5b05-4469-a35e-126081c5d184,platoon.link,premium,172.8,172.8,high,low,7,namesilo,,,27/09/2026 15:14
9743d3e4-f30a-4969-a198-56656c31291c,insofar.link,available,4.48,11.98,medium,low,7,namecheap,,,15/09/2026 06:43
7136b15f-08de-4d74-bde1-ea51a67bfdc4,notions.link,premium,136.69,182.25,medium,low,7,namecheap,,,
3da9b095-63ad-43d7-9179-11305f46115e,stagey.link,available,4.48,11.98,low,low,6,namecheap,,,10/09/2026 18:06
5bf18ca9-1065-4d26-9d8e-49b575687f22,nontoxic.link,premium,84.5,84.5,medium,low,8,namecheap,,,18/09/2026 21:11
72245fbf-e294-496c-bb01-73b4d749411d,agleam.link,available,4.48,11.98,medium,low,6,namecheap,,,
a5e99d3b-9747-4dde-8d3d-8648ef6c5d5c,anemometry.link,available,8.59,8.59,medium,low,10,namesilo,,,19/09/2026 05:18
3b2f42ef-2118-4b8e-8833-396cad092cdd,thakur.link,premium,67.48,67.48,high,low,6,spaceship,,,02/10/2026 19:13
ad1f5af0-370f-4828-af5f-c65e38076da2,exert.link,premium,77.35,77.35,high,low,5,namesilo,,,02/10/2026 15:03
78bc62e8-01a0-4d50-ba8b-73f15d0ec470,krubi.link,available,8.59,8.59,medium,low,5,namesilo,,,18/09/2026 22:48
7b0a8324-1591-4ec7-9d07-89307242494e,bardeen.link,premium,29.5,29.5,medium,low,7,namesilo,,,22/09/2026 05:16
b6775b72-b97b-40e8-b158-6c65c2fc88ce,uniate.link,available,4.48,11.98,medium,low,6,namecheap,,,12/09/2026 12:42
63e844c0-8a2c-4c0e-bc10-b63b741f7a99,sodium.link,premium,172.8,172.8,high,low,6,namesilo,,,20/09/2026 22:13
9a7203a7-741a-440f-b89a-b81ee278ddc6,hurry.link,premium,243.43,243.43,high,low,5,spaceship,,,27/09/2026 17:14
407c42d0-1977-4bdc-9a0d-3df58364fd70,liberator.link,premium,139.93,139.93,medium,low,9,spaceship,,,02/10/2026 15:57
d6725b39-77a6-4550-8dd6-20059bc3a5b1,gerard.link,premium,448,448,medium,low,6,namesilo,,,25/09/2026 13:17
9ec7a90a-3e52-4411-b2a7-9217b5b2fd23,arpent.link,premium,32.5,32.5,medium,low,6,namecheap,,,20/09/2026 08:38
803dc813-f09e-4373-bee3-28e66bc8a270,sycamore.link,premium,448,448,high,low,8,namesilo,,,16/09/2026 23:36
87792769-46bb-49e1-bf0f-87f5dbd5cd70,barrack.link,premium,41.3,41.3,medium,low,7,namesilo,,,22/09/2026 07:48
0eef0395-a0e4-4202-bb53-d901c5b739ad,robbers.link,premium,29.5,29.5,low,low,7,namesilo,,,28/09/2026 23:38
86a78cbd-4944-4013-a6b2-2818284060d8,unlikable.link,available,4.48,11.98,medium,low,9,namecheap,,,12/09/2026 00:58
19981913-d397-4f66-a98a-a490d08d77f0,sternly.link,available,8.59,8.59,medium,low,7,namesilo,,,16/09/2026 07:01
56c2dc61-fd17-4360-b7bf-acf156a4897a,accounted.link,premium,67.48,67.48,medium,low,9,spaceship,,,03/10/2026 01:24
0bf67beb-e0b2-4b40-a09c-0fced87981b9,racer.link,premium,455,455,high,low,5,namecheap,,,21/09/2026 07:11
99d000c5-638f-45e8-ba53-8b6e7aec64c4,benghazi.link,premium,29.5,29.5,medium,low,8,namesilo,,,23/09/2026 08:04
fd014833-1d99-4af2-a1de-91e8bf86457c,belatedly.link,available,4.48,11.98,medium,low,9,namecheap,,,22/08/2026 20:25
6f2daa5b-e3e9-4590-956a-224392905644,saccharine.link,available,4.48,11.98,medium,low,10,namecheap,,,12/08/2026 12:48
ba5413a3-9319-4213-8fa7-95a7a9d08471,nescience.link,available,4.48,11.98,medium,low,9,namecheap,,,12/09/2026 14:26
f0e6d17c-f7da-46cf-9831-6a80c3d79f06,linus.link,premium,382.61,382.61,high,low,5,porkbun,,,30/09/2026 13:30
e022fdc1-6498-40f9-9f68-881e0027171d,smudgy.link,available,4.48,11.98,high,medium,6,namecheap,,,10/09/2026 12:17
bf00290d-a261-4198-ac25-44f6e32c97ee,excessive.link,premium,41.3,41.3,medium,low,9,namesilo,,,17/08/2026 16:15
5dae4922-41e2-4bf1-91e9-e791c7f29825,databases.link,premium,243.43,243.43,medium,low,9,spaceship,,,30/09/2026 15:32
b764e0e5-edad-4721-9a5a-f0e059f7cd2e,amplifying.link,available,8.59,8.59,medium,low,10,namesilo,,,17/09/2026 20:45
d6dcdb3e-3346-4a4f-9ef9-930864be2d14,camelot.link,premium,776.45,776.45,high,low,7,spaceship,,,02/10/2026 04:15
19044cb8-78ae-4133-9ad3-3ce76d2052a2,nepali.link,premium,172.8,172.8,high,low,6,namesilo,,,03/09/2026 15:37
9c9abe95-88b2-4072-b8a3-621589b6f07a,awake.link,premium,4830,4830,high,low,5,namesilo,,,22/09/2026 14:37
a29446f8-581d-48a3-b86f-dfee1e9f44c6,relatives.link,premium,45.5,45.5,medium,low,9,namecheap,,,27/09/2026 10:25
f2ee5f1e-0377-4a12-81a9-90d186eea179,confidential.link,premium,362.45,362.45,high,low,12,spaceship,,,27/09/2026 17:23
bb2af175-f465-4a78-8054-1f54cfcffdec,weatherly.link,premium,41.3,41.3,medium,low,9,namesilo,,,13/09/2026 09:23
a2ba97b9-bb67-45c5-abbf-e88ba69effa6,alzheimer.link,premium,258.5,258.5,medium,low,9,dynadot,,,03/10/2026 03:52
5493f4c4-0016-43a6-9719-b4395b28e30f,statutes.link,premium,26.08,26.08,medium,low,8,spaceship,,,30/09/2026 23:10
05ac2b76-c2dd-4706-9fb0-9a031f515700,centimetre.link,available,8.59,8.59,medium,low,10,namesilo,,,24/09/2026 13:35
584106d0-f88a-4640-b410-248ae76b54ed,travels.link,premium,960,960,high,low,7,namesilo,,,17/09/2026 06:44
b4d3f8dd-3f8a-4627-ba3f-02a3a341ee1e,eventide.link,premium,77.35,77.35,high,low,8,namesilo,,,17/08/2026 14:48
2c6a08f4-7518-451f-b981-a08422d2ee2f,bolingbroke.link,premium,26.08,26.08,medium,low,11,spaceship,,,02/10/2026 20:26
b5746d3c-2dbc-4b5e-9ed9-df172ccd31bb,breaths.link,premium,38.5,38.5,medium,low,7,dynadot,,,02/10/2026 23:06
f76aead6-f399-4f39-92e5-e89cb90891ff,coolest.link,premium,139.93,139.93,high,low,7,spaceship,,,02/10/2026 13:53
edd560d0-84f3-47bf-820c-80d53e15c1f5,nude.link,premium,937.5,937.5,high,low,4,name.com,,,07/08/2026 16:15
124754ce-1828-40a7-9f90-3e3d0559cfbd,settling.link,premium,26.08,26.08,medium,low,8,spaceship,,,28/09/2026 20:24
229e3c0d-b4fc-49d4-9ab4-2a10658a2b1e,fiscally.link,premium,29.5,29.5,medium,low,8,namesilo,,,14/09/2026 18:37
f37f62ff-051a-475c-8b92-0aadc5a3f5d5,remission.link,premium,77.35,77.35,high,low,9,namesilo,,,01/10/2026 03:27
9e96939d-b545-469a-aa6e-1fbcb9408569,postdoc.link,premium,77.35,77.35,high,low,7,namesilo,,,09/09/2026 00:19
7d84b171-3adc-4ecf-b983-d1ce57356eba,beef.link,premium,960,960,high,low,4,namesilo,,,23/09/2026 00:18
d1b60337-4e71-49f4-b3a2-63dd996fda6d,almandine.link,available,8.59,8.59,medium,low,9,namesilo,,,18/09/2026 12:29
117a6907-1a4a-4b9e-9668-dc9034310ddc,wilde.link,premium,300.8,300.8,high,low,5,namesilo,,,25/09/2026 09:39
014a42d6-aae3-4189-b336-b24255a80040,feast.link,premium,448,448,high,low,5,namesilo,,,22/09/2026 03:01
d6788bf5-c73b-4738-8848-3adc7c8d99cc,dynamite.link,premium,448,448,high,low,8,namesilo,,,25/09/2026 22:28
581a71b3-2393-487b-9836-69baa75e2fb0,charity.link,premium,1950,1950,high,low,7,namecheap,,,24/09/2026 10:51
1dfa7bbd-958c-4558-801b-eb28bf64884c,sessions.link,premium,362.45,362.45,high,low,8,spaceship,,,28/09/2026 03:02
298e42da-006f-4921-b653-061a556bc55a,demonic.link,premium,77.35,77.35,medium,low,7,namesilo,,,14/08/2026 01:26
eb451234-9dcf-4095-bc84-0dfd30429905,vermillion.link,premium,168.75,168.75,medium,low,10,name.com,,,12/08/2026 05:47
a983f933-b25b-4b19-8da7-ea07029417c6,soaring.link,premium,300.8,300.8,high,medium,7,namesilo,,,10/09/2026 12:58
f2ecf3f6-52d8-4cf5-b5b5-2e38554e9e6e,devotedly.link,available,4.48,11.98,medium,low,9,namecheap,,,14/09/2026 12:28
a3c015c4-b3e0-4d57-a8bb-7fcddfd295c7,hess.link,premium,975,975,high,low,4,namecheap,,,27/09/2026 03:38
c016cb70-7ae6-4bf7-9144-72c47362552c,supersize.link,premium,71.5,71.5,high,low,9,dynadot,,,01/10/2026 23:38
a2a1edfb-e3ef-4e23-a04e-e3a6176da032,leased.link,premium,77.35,77.35,medium,low,6,namesilo,,,12/08/2026 02:50
df509e69-060b-41fc-a121-85136eafb6c8,batis.link,premium,77.35,77.35,medium,low,5,namesilo,,,22/09/2026 14:03
db1d180e-c39c-43bf-ba51-42a999c955ee,participated.link,available,2.27,7.45,medium,low,12,spaceship,,,29/09/2026 23:55
7f345192-99b2-4a0e-a51b-82dd9e031ccd,lifeguard.link,premium,362.45,362.45,high,low,9,spaceship,,,02/10/2026 05:38
cfb84a52-3bd7-45f1-96e9-4db2229f2916,waikato.link,premium,84.5,84.5,medium,low,7,namecheap,,,02/10/2026 10:00
daed8287-f751-4cbb-81ae-11116dae1f54,needing.link,premium,32.5,32.5,high,low,7,namecheap,,,01/10/2026 10:18
cfbb91ef-b9d4-4bc9-98f4-1549953364ff,illusion.link,premium,448,448,high,low,8,namesilo,,,24/09/2026 16:35
548e6e4e-7858-46f5-a8c0-739ca9417aa3,cottage.link,premium,448,448,high,low,7,namesilo,,,24/09/2026 11:16
86bb1b89-1e2f-4b21-85d2-d24e2ed3e866,fled.link,premium,67.48,67.48,low,low,4,spaceship,,,28/09/2026 12:32
215c7bc7-c22b-49b8-bdea-46c03a4591ba,expression.link,premium,448,448,high,low,10,namesilo,,,29/09/2026 18:43
423bab59-05a0-4593-bfa3-ac5845541afb,ravaged.link,available,4.48,11.98,medium,low,7,namecheap,,,14/08/2026 04:29
1e930100-764d-4f38-887f-cdcc380a5010,frisian.link,premium,29.5,29.5,medium,low,7,namesilo,,,18/08/2026 15:59
2d57f3ef-f846-49bb-9570-55db12ef4b9c,slue.link,premium,29.5,29.5,high,medium,4,namesilo,,,10/09/2026 06:20
c0b13c87-adab-44b2-be65-0d26da1b47f1,horseback.link,premium,77.35,77.35,high,low,9,namesilo,,,21/09/2026 23:38
97ddb1ad-359f-43c8-be39-96ae6cf61f97,tamarack.link,premium,45.5,45.5,medium,low,8,namecheap,,,18/09/2026 20:18
46422ef3-6bf6-4f29-93c1-df7bfbdf6150,defiant.link,premium,293.75,293.75,high,medium,7,name.com,,,13/08/2026 23:21
9b1fee73-3b3f-4751-8b33-af9bf886dd0c,animality.link,premium,29.5,29.5,medium,low,9,namesilo,,,19/09/2026 08:40
b92000e8-1223-423a-a32d-c131be64421a,longways.link,available,4.48,11.98,medium,low,8,namecheap,,,22/08/2026 23:44
f77860b5-964f-495a-8ec6-30546020be12,regarded.link,premium,35.2,49,high,low,8,unstoppable,,,01/10/2026 19:17
9fba519f-f756-49b7-a583-b7e2a4acf300,reciprocal.link,premium,77.35,77.35,high,low,10,namesilo,,,09/09/2026 11:29
2af6bc8c-1a12-4c5a-9499-5c4391f93686,does.link,premium,246.75,329,medium,low,4,namecheap,,,
d51fe159-20a4-4af9-b992-b727c3e0fd5b,bottling.link,premium,41.3,41.3,high,low,8,namesilo,,,03/10/2026 02:56
a80eff4e-1efc-4ea5-b98e-b62405242e13,hittite.link,premium,29.5,29.5,medium,low,7,namesilo,,,21/08/2026 10:00
b086d659-010d-4402-8587-2672d07b5348,whiskered.link,available,4.48,11.98,medium,low,9,namecheap,,,08/08/2026 16:15
2418e6a8-a45c-4657-8611-693f576eb09c,occurrent.link,available,4.48,11.98,medium,low,9,namecheap,,,04/09/2026 00:18
0bccbcd7-349a-439b-a78c-5227662b9fb0,adulation.link,available,8.59,8.59,medium,low,9,namesilo,,,17/09/2026 10:04
c83f278d-1b11-4dd7-a0a3-5250b9fe8c54,landowner.link,premium,77.35,77.35,high,low,9,namesilo,,,01/10/2026 02:50
83006325-a266-429b-9758-afda6aa45d8b,malls.link,premium,243.43,243.43,medium,low,5,spaceship,,,01/10/2026 16:45
dc2364ac-e49c-408e-afb5-6aaae9445126,parka.link,premium,172.8,172.8,high,low,5,namesilo,,,19/09/2026 11:41
95a3a51d-1aca-4027-9b13-3d2cc13c43ff,alkaloid.link,premium,41.3,41.3,medium,low,8,namesilo,,,18/09/2026 08:21
8a817de5-6900-4c4b-9ef8-9a5ab1a50443,bubbles.link,premium,960,960,high,low,7,namesilo,,,17/09/2026 03:32
508ec7e7-6cfe-4179-a528-685d33ae5012,non.link,premium,975,975,medium,low,3,namecheap,,,28/09/2026 16:25
dd06d5b8-5c8b-4b3b-8bcf-934d19842b66,mask.link,premium,1995,1995,high,low,4,namesilo,,,29/09/2026 10:08
1d5b2f1e-9474-4806-8c37-e608497310a1,chesterton.link,premium,139.93,139.93,medium,low,10,spaceship,,,30/09/2026 09:08
1cd310af-3203-4088-a7f2-f7dcf627b659,nicolaus.link,premium,77.35,77.35,medium,low,8,namesilo,,,02/10/2026 10:17
0ab73926-dd78-41a9-b905-10995dddcdfd,menacingly.link,available,4.48,11.98,medium,low,10,namecheap,,,15/09/2026 14:03
c42f7aa7-f96d-48ca-9b68-219ff90c779e,poitiers.link,premium,29.5,29.5,medium,low,8,namesilo,,,22/09/2026 15:48
73895520-b2bc-4092-a414-5d08fd3cbaf1,mayan.link,premium,300.8,300.8,high,low,5,namesilo,,,02/10/2026 16:04
ba73de70-8c68-4c30-a528-9c2416a7e520,beauteous.link,premium,41.3,41.3,medium,low,9,namesilo,,,09/08/2026 05:58
35ba5a35-3701-49a8-a615-3cb52e5d7035,mgmt.link,premium,362.45,362.45,high,low,4,spaceship,,,02/10/2026 11:45
84858296-bc32-418b-8cdc-40a064418a4c,partnership.link,premium,362.45,362.45,high,low,11,spaceship,,,28/09/2026 04:23
548a969d-3b26-4d94-a5f0-9ec392b5a035,hills.link,premium,437.5,437.5,high,low,5,name.com,,,17/09/2026 17:53
68af6658-572d-4da8-9090-21bf94ee24c8,pencilled.link,available,4.48,11.98,medium,low,9,namecheap,,,08/09/2026 13:59
7afe76f8-ccf7-4385-85ca-9e1382043079,hilo.link,premium,382.61,382.61,high,low,4,porkbun,,,30/09/2026 10:07
0f52e954-e2db-4a9e-b234-cac489790545,delay.link,premium,257.06,257.06,high,low,5,porkbun,,,29/09/2026 13:44
9b2956e6-9210-46c4-9ad1-3da4c53f8030,baguette.link,premium,300.8,300.8,high,low,8,namesilo,,,29/09/2026 00:33
84cc41a3-e2d6-4dae-8f25-5da4ee400d86,outcome.link,premium,243.43,243.43,high,low,7,spaceship,,,29/09/2026 11:10
9b9d88c6-8912-4433-8920-753e3c20705e,nikki.link,premium,362.45,362.45,high,low,5,spaceship,,,28/09/2026 07:47
86c06a24-2f7f-416a-9037-3833f01e940c,biscayne.link,premium,65.2,,medium,low,8,unstoppable,,,01/10/2026 09:13
6d3cbf52-f9fa-481c-9a0a-be68268cdfa3,biscuit.link,premium,455,455,high,low,7,namecheap,,,23/09/2026 21:32
f21432a2-d82f-4d10-9dce-968fc1f430a3,revenue.link,premium,750.2,1050,high,low,7,unstoppable,,,30/09/2026 09:15
d36eeb36-92f2-478b-a7d4-aea604c5600f,shuster.link,premium,38.73,38.73,medium,low,7,porkbun,,,02/10/2026 10:10
780bf68b-5c00-49fb-a897-21fddc58d491,forget.link,premium,135.2,189,high,low,6,unstoppable,,,30/09/2026 15:44
5126f879-f341-42c1-85e5-18f1d663a87b,why.link,premium,1995,1995,high,low,3,namesilo,,,25/09/2026 10:59
512ea139-1323-4654-8dca-75b33bbf3ec1,amhara.link,premium,32.5,32.5,high,low,6,namecheap,,,18/09/2026 21:12
33c83b1a-214b-4494-890d-202b8badd203,endings.link,available,7.71,7.71,medium,low,7,dynadot,,,29/09/2026 17:30
4ee76537-585d-4d69-84b8-127a0a4697a8,bannock.link,available,8.59,8.59,medium,low,7,namesilo,,,22/09/2026 02:55
e3d4d6cf-ab72-4a5a-9045-dd725ce42a56,gatherings.link,premium,38.73,38.73,low,low,10,porkbun,,,01/10/2026 18:25
268bc93d-12a1-4827-b283-25d1042f3371,vegetation.link,premium,41.3,41.3,high,low,10,namesilo,,,29/09/2026 11:45
4a38785c-90df-4f1e-b072-57b5e13f77f5,terms.link,premium,300.8,300.8,high,low,5,namesilo,,,29/09/2026 19:50
b78c895d-688f-4bd6-b756-9140fb939295,ushers.link,premium,32.5,32.5,medium,low,6,namecheap,,,20/09/2026 19:46
1fce8e1d-b28c-4d85-a941-fc9784f6da5e,antigua.link,premium,300.8,300.8,high,low,7,namesilo,,,19/09/2026 14:32
a817e340-508a-4bc5-8d9b-38d9f17fb85d,dramatically.link,available,10.5,,medium,low,12,unstoppable,,,29/09/2026 14:45
25ffd809-f48e-427b-a597-0e3665ed3368,apec.link,premium,300.8,300.8,medium,low,4,namesilo,,,02/10/2026 08:39
f2145989-d04e-420e-81ca-e75a122c846a,executioner.link,premium,26.08,26.08,medium,low,11,spaceship,,,01/10/2026 04:38
e9179acd-1015-4f3c-8b49-1f53b9378313,faber.link,premium,819.27,819.27,high,low,5,porkbun,,,28/09/2026 04:12
55337582-5c2a-4216-b295-562445bee2ae,boggy.link,premium,29.5,29.5,medium,low,5,namesilo,,,10/08/2026 17:01
ce95af3b-f218-462a-bfd2-653b9e10f10f,capsule.link,resell,,,high,low,7,Porkbun LLC,10/02/2022 14:26,10/02/2027 14:26,01/10/2026 15:32
c5b262e4-0ec9-4cf4-8436-df24e37260dd,reviewed.link,premium,139.93,139.93,medium,low,8,spaceship,,,29/09/2026 05:52
01666d84-f49f-4a4e-b75f-77f1d4168086,boisterous.link,available,4.48,11.98,medium,low,10,namecheap,,,10/08/2026 17:38
9caeec4b-bb82-4b32-9395-d79833427d77,tenderness.link,premium,41.3,41.3,high,low,10,namesilo,,,17/09/2026 14:18
3261f2f0-8e0c-418d-8306-17e148a280be,cheerfully.link,premium,35.2,49,high,low,10,unstoppable,,,28/09/2026 13:48
d04f5b92-df8f-4af5-b16f-71a25a5e2af5,omb.link,premium,235.2,,medium,low,3,unstoppable,,,29/09/2026 19:51
4623905f-8aa2-4b89-83bc-3daabb5028e4,summerset.link,premium,41.3,41.3,medium,low,9,namesilo,,,18/08/2026 08:29
ff8e0493-f8a7-44ac-bf71-2b723af46baf,recognizing.link,available,7.71,7.71,medium,low,11,dynadot,,,30/09/2026 23:30
5875be76-bc87-416f-8ad0-1a7e9c9ba412,alizarine.link,available,4.48,11.98,medium,low,9,namecheap,,,18/09/2026 08:13
5af62ec1-695b-46db-a972-243bc15329e9,burnside.link,premium,77.35,77.35,high,low,8,namesilo,,,16/09/2026 12:53
021ea45b-9075-4d2d-b6c7-9194c478e630,devoted.link,premium,168.75,168.75,high,low,7,name.com,,,24/09/2026 08:04
d169cab0-e39d-421e-95b2-65c3a42ca5fc,smirks.link,available,4.48,11.98,low,low,6,namecheap,,,20/09/2026 14:28
da84f398-7139-4e73-8cc3-cc26946038fe,geraldine.link,premium,77.35,77.35,medium,low,9,namesilo,,,28/09/2026 11:54
2bd5b23d-7228-4a23-a95c-17bd856fbba8,pillars.link,premium,235.2,,medium,low,7,unstoppable,,,30/09/2026 15:08
623d0f55-c53a-4c69-bde5-fc502338a476,sourly.link,available,8.59,8.59,low,low,6,namesilo,,,16/09/2026 05:40
21742ded-1351-4435-a9da-c1853229f0ea,intensely.link,available,4.48,11.98,high,low,9,namecheap,,,15/09/2026 08:54
63f3746d-c8a1-4c20-ad32-d8077ea0f69e,shiver.link,premium,135.2,,medium,low,6,unstoppable,,,03/10/2026 00:51
f3af9eff-fdfc-4823-be45-86366744f5f5,mckean.link,premium,36.43,36.43,medium,low,6,spaceship,,,30/09/2026 05:34
7af27ea5-d7c1-44d6-9cc9-5f4f3b157180,repressed.link,available,4.48,11.98,medium,low,9,namecheap,,,08/09/2026 14:49
a3b94cf0-e82d-41b3-9849-37cc37581d55,gliding.link,premium,168.75,168.75,high,medium,7,name.com,,,10/09/2026 13:01
73830606-8c85-4dcf-9c0f-7409b9180e5a,backplate.link,available,4.48,11.98,medium,low,9,namecheap,,,21/09/2026 15:46
cf27712c-e5dd-46f7-911c-a1370e3e1658,untimely.link,available,4.48,11.98,medium,low,8,namecheap,,,21/08/2026 19:32
2a301adb-60d8-4434-b427-4493df3c896f,skag.link,premium,41.3,41.3,medium,low,4,namesilo,,,23/09/2026 14:39
d5c24e49-4d48-4a29-89e3-95173a0e0a62,angel.link,premium,3500.2,4900,high,medium,5,unstoppable,,,28/09/2026 21:23
2cf8846f-9982-44e4-9c8b-e9f3f898eec9,vancouver.link,premium,975,975,high,medium,9,namecheap,,,29/09/2026 12:40
61b82cca-b0af-4a70-b8b1-d22577c2eae2,camps.link,premium,385,385,medium,low,5,dynadot,,,28/09/2026 18:04
240c8bb0-b844-45e3-8f41-120d0f67ec74,jesuit.link,premium,77.35,77.35,high,low,6,namesilo,,,22/08/2026 13:03
59b71286-7239-4e01-b726-647c5f13fc3b,acknowledged.link,premium,25.2,35,high,low,12,unstoppable,,,01/10/2026 22:30
dfae142c-b668-438b-b788-244a358af143,clarify.link,premium,243.43,243.43,high,low,7,spaceship,,,29/09/2026 02:43
c42fa024-ee64-431c-b7d3-bdfd5ab61b8b,brow.link,premium,300.8,300.8,medium,low,4,namesilo,,,29/09/2026 04:36
38b329e2-3d56-4c76-9462-cde657fc5994,constituency.link,premium,29.5,29.5,high,low,12,namesilo,,,03/10/2026 02:47
4112cc07-5571-45f2-8689-5b88defdd75a,casting.link,premium,960,960,high,low,7,namesilo,,,02/10/2026 13:04
cc9577d7-fb76-4c87-a601-ae352a64c66f,unassuming.link,available,2.27,7.45,high,low,10,spaceship,,,27/09/2026 13:26
98ccdb6d-1479-4b65-a258-08f2769d9d8c,enkindled.link,available,4.48,11.98,medium,low,9,namecheap,,,17/08/2026 09:31
b2f0b70b-39cc-4738-a240-e3697a385935,colonized.link,available,4.48,11.98,medium,low,9,namecheap,,,12/08/2026 17:23
2d44788f-f3ae-4bf3-ae9e-4c40e4931bb4,outcast.link,premium,293.75,293.75,high,low,7,name.com,,,18/08/2026 15:35
c44e29a8-c53c-49db-9c0e-d3721f547b17,doglike.link,premium,29.5,29.5,medium,low,7,namesilo,,,14/08/2026 15:07
3c73b172-1e5f-411c-9c7b-cf059755e201,underpants.link,premium,65.2,,high,low,10,unstoppable,,,03/10/2026 02:19
83df90ee-7321-46be-bb6b-c93303f55adc,irksome.link,available,4.48,11.98,medium,low,7,namecheap,,,10/08/2026 20:01
27ecec28-2a0d-4bdb-9a2e-671084254de0,hybrid.link,premium,1995,1995,high,low,6,namesilo,,,25/09/2026 07:10
81bdcc5c-9fd2-47ed-ace5-6709322eb9f9,scrambling.link,available,8.59,8.59,medium,low,10,namesilo,,,01/10/2026 23:12
8e904a3b-409f-4de0-95d6-7a3c70035fc9,sellers.link,premium,385,385,high,low,7,dynadot,,,29/09/2026 13:41
ee041c84-272e-4439-850f-7ae9c5bc4a71,stepwise.link,premium,168.75,168.75,high,low,8,name.com,,,10/08/2026 07:12
a3b7e778-1f6a-4e9a-9de5-3ab75a7cc0a2,contradiction.link,premium,45.5,45.5,medium,low,13,namecheap,,,29/09/2026 15:55
ce9a9f79-d795-4a8c-a4f7-4e1055fd2e21,nonfinite.link,available,4.48,11.98,medium,low,10,namecheap,,,03/09/2026 18:26
221d6fe9-6a7f-4ffe-bbab-0aae9248b1b0,isolation.link,premium,300.8,300.8,high,low,9,namesilo,,,24/09/2026 16:00
99834d86-0f5f-42b9-bfdb-5702ced60772,hama.link,premium,362.45,362.45,medium,low,4,spaceship,,,02/10/2026 00:52
91e9b7be-0866-4871-a205-12492fe2b52a,pitchfork.link,premium,67.48,67.48,high,low,9,spaceship,,,02/10/2026 04:55
1617f6ad-085a-48cb-9df2-0c661dd68cbd,unsaved.link,available,4.48,11.98,medium,low,7,namecheap,,,12/09/2026 17:57
e55a71a8-42ec-4a45-be01-d0631f79ec58,benzedrine.link,available,8.59,8.59,medium,low,10,namesilo,,,23/09/2026 08:31
8990edb2-deaf-4f8f-b30c-b56decd6e46c,czechoslovakia.link,premium,26.25,35,medium,low,14,namecheap,,,
49afd558-fdc1-434e-8a5c-f8341ad34da8,spaniards.link,available,8.59,8.59,medium,low,9,namesilo,,,30/09/2026 23:47
57e6de37-bceb-438a-8c0f-83f0f7e787bd,decades.link,premium,71.48,71.48,low,low,7,porkbun,,,28/09/2026 13:15
2eca3e8c-b3ce-4eb6-884c-68a2e4ef2936,forsake.link,premium,29.5,29.5,medium,low,7,namesilo,,,14/08/2026 03:54
bcbf115d-e6a7-453b-bd71-a9c26677d753,curst.link,available,4.48,11.98,medium,low,5,namecheap,,,13/08/2026 11:34
b2d0e530-75c9-4a12-bc1e-f03c44b9c7d0,seraphical.link,available,4.48,11.98,medium,low,10,namecheap,,,10/09/2026 04:31
8ec98cf4-2c9a-441d-a27c-a28636881dc4,clarice.link,premium,67.48,67.48,high,low,7,spaceship,,,03/10/2026 05:21
24ef24c8-fa28-4b47-be94-dd79ef887971,multitude.link,premium,139.93,139.93,high,low,9,spaceship,,,29/09/2026 10:33
2cbb1a0e-5fda-4c6f-b344-8a93372bcc09,rapper.link,premium,139.93,139.93,high,low,6,spaceship,,,30/09/2026 09:22
3922d933-3945-4fa0-a942-6b0953f3c6c6,downstair.link,available,4.48,11.98,medium,low,9,namecheap,,,14/08/2026 17:57
42b9af8c-3f25-4181-b063-296797d7ec58,giraffe.link,premium,975,975,high,low,7,namecheap,,,29/09/2026 05:59
81e90dfc-1f3f-4e60-a680-c1f6953fbe5b,cozy.link,premium,1995,1995,high,low,4,namesilo,,,24/09/2026 00:21
50e317f2-c993-4b03-9e2a-37f491b29720,annotation.link,premium,77.35,77.35,high,low,10,namesilo,,,19/09/2026 10:38
c84c3533-618b-4e8e-b176-0acab587964f,razed.link,premium,29.5,29.5,medium,low,5,namesilo,,,14/08/2026 01:24
517a9d1c-505a-4858-8820-dbe69d51ceb3,sparing.link,premium,41.3,41.3,high,low,7,namesilo,,,18/08/2026 16:58
2b7165c1-5670-4065-afa1-a84a7dd1c7ce,otic.link,premium,77.35,77.35,medium,low,4,namesilo,,,07/08/2026 17:41
f2f0580c-56f3-4bd6-94a9-e459132789f8,umber.link,premium,172.8,172.8,high,low,5,namesilo,,,11/09/2026 22:59
04796c9d-866b-42ed-aeda-a820c4af4f94,rhineland.link,premium,27.5,27.5,medium,low,9,dynadot,,,29/09/2026 13:52
fb7f989a-fec8-49c3-9269-22484b19c132,karpov.link,premium,77.35,77.35,high,low,6,namesilo,,,19/09/2026 03:27
4825d730-0fcb-4173-9b06-b2f45fbe0ab7,begins.link,premium,172.8,172.8,medium,low,6,namesilo,,,25/09/2026 20:45
bc62fbc6-b21a-47d9-bba5-85584161d95b,prophetic.link,premium,168.75,168.75,high,low,9,name.com,,,09/09/2026 03:36
a32c5a74-e176-4471-b5d5-5b2274203c84,tangled.link,premium,77.35,77.35,medium,low,7,namesilo,,,11/09/2026 07:59
93fe006e-efba-4dee-95fc-ee8246daa38e,bakersfield.link,premium,172.8,172.8,medium,low,11,namesilo,,,02/10/2026 00:41
6726c6e2-ed0a-45bf-a1b9-b59f7ee7e075,problem.link,premium,448,448,high,low,7,namesilo,,,30/09/2026 07:28
10a4618d-3190-423d-8335-bf641c8d8fe4,promising.link,premium,77.35,77.35,high,low,9,namesilo,,,27/09/2026 07:28
6e362bc6-9df1-4093-8175-01377c04a70f,feeling.link,premium,385,385,high,low,7,dynadot,,,29/09/2026 19:08
9379e8a3-ca86-4bb1-84b0-64a3f4b25c87,rotating.link,premium,65.2,,high,low,8,unstoppable,,,29/09/2026 16:17
bb46739b-f87f-41d8-852e-83b5bf6223cf,shortened.link,resell,,,high,medium,9,"Key-Systems, LLC",06/07/2019 15:50,06/07/2027 15:50,26/09/2026 09:00
10159926-d9f9-449b-8fb7-5c0c0c6b497b,refusal.link,premium,29.5,29.5,medium,low,7,namesilo,,,29/09/2026 02:01
a2c940a9-feb7-4fe5-a669-cf5074c790e5,proposing.link,premium,29.5,29.5,low,low,9,namesilo,,,28/09/2026 22:53
baf00fa5-7650-4c1e-ac41-6d770b583b68,answers.link,premium,4550,4550,medium,low,7,namecheap,,,25/09/2026 18:18
5717a1d5-b2de-498c-be9f-1f24e8e3dc16,unseeing.link,available,4.48,11.98,high,medium,8,namecheap,,,10/09/2026 07:57
f0d2d721-3bf0-44da-912e-69a81f847623,hutcheson.link,premium,38.73,38.73,medium,low,9,porkbun,,,03/10/2026 05:37
1f4ca8f7-15cf-4f08-a254-50a9d3bb57c4,marshes.link,available,4.48,11.98,medium,low,7,namecheap,,,02/10/2026 03:37
a7083321-7c51-465f-9110-704255dacedf,metals.link,premium,243.43,243.43,high,low,6,spaceship,,,30/09/2026 06:19
c8e6fe56-2500-4346-bc1a-1943ec3a5a8c,irb.link,premium,300.8,300.8,medium,low,3,namesilo,,,29/09/2026 03:06
7d9540a2-c51c-49b7-a8d2-4ee89411b9be,african.link,premium,437.5,437.5,high,low,7,name.com,,,
68613412-c52b-4349-b0e9-d080ce1ab938,consumable.link,premium,41.3,41.3,high,low,10,namesilo,,,12/08/2026 23:04
8f71fe3d-bc74-49b9-acb0-0760f71c4280,colorize.link,premium,77.35,77.35,medium,low,8,namesilo,,,12/08/2026 17:34
d546c16d-bd52-4163-ab05-cb0e439ae84e,whelan.link,premium,77.35,77.35,medium,low,6,namesilo,,,29/09/2026 16:28
bdb3f020-c2cb-4134-b9d8-8428758eb2e0,rudiments.link,premium,32.5,32.5,medium,low,9,namecheap,,,22/09/2026 10:41
1136514b-223f-4d23-aa72-52f9c56ff7c8,bicycle.link,premium,960,960,high,low,7,namesilo,,,27/09/2026 03:10
c4db99bd-6e99-4a64-bf14-41fa0accc3ae,drafts.link,premium,84.5,84.5,medium,low,6,namecheap,,,01/10/2026 18:07
85c4fb4e-ef75-42b2-88fb-bc47f3f8e36a,lynch.link,premium,243.43,243.43,medium,low,5,spaceship,,,28/09/2026 15:35
983924a1-57c5-4726-ac06-1077e07ccaa5,emission.link,premium,,,high,low,8,,,,30/09/2026 01:30
0bd905ab-7a71-41b4-be93-d354ee5efd42,crepuscule.link,available,4.48,11.98,medium,low,10,namecheap,,,11/09/2026 21:48
605d3aa4-d49d-4066-b61e-d6316aad3e1c,gimme.link,premium,448,448,high,low,5,namesilo,,,29/09/2026 14:22
7f36973c-e00d-4d44-b784-fa0d26ccd768,owls.link,premium,300.8,300.8,medium,low,4,namesilo,,,29/09/2026 11:16
713d7b6d-c38f-4a01-b592-08357b549aa5,chisel.link,premium,172.8,172.8,high,low,6,namesilo,,,02/10/2026 23:58
7cfd20a2-3f16-4e9d-8bcb-baf8497d499d,lesbian.link,premium,937.5,937.5,high,low,7,name.com,,,23/08/2026 00:15
e85f8057-b90f-44fb-98cb-51d3c2a0c2a2,role.link,premium,448,448,high,low,4,namesilo,,,25/09/2026 09:54
31c3fe57-1e38-4573-9d90-ee59e0917e1a,nec.link,premium,960,960,high,medium,3,namesilo,,,25/09/2026 23:52
b927f45a-46ae-4550-80d3-ce8de44869bc,orangish.link,available,4.48,11.98,medium,low,8,namecheap,,,04/09/2026 17:26
ecccc2f4-b62c-4069-9ece-93b4396e6cf6,bribed.link,available,8.59,8.59,low,low,6,namesilo,,,02/10/2026 13:46
964df4b2-a29e-4fde-b5b1-38b382c0626e,potency.link,premium,77.35,77.35,high,medium,7,namesilo,,,09/09/2026 00:49
3650eac6-0997-454d-8cfa-bdb57906e742,correlate.link,premium,77.35,77.35,high,low,9,namesilo,,,23/09/2026 23:49
0ac3a26c-1ae9-4bd1-bdff-321d9713b217,carolina.link,premium,776.45,776.45,high,low,8,spaceship,,,28/09/2026 01:35
40286151-d9d4-4d9c-866e-bd4211c26de7,driving.link,premium,960,960,high,low,7,namesilo,,,24/09/2026 12:10
b5f1c0f1-08e0-4049-9af1-b5c20b841cab,sharps.link,premium,77.35,77.35,medium,low,6,namesilo,,,20/09/2026 09:14
a8606812-474f-4700-94e8-514f7e969695,ariadne.link,premium,300.8,300.8,high,low,7,namesilo,,,20/09/2026 05:09
f84a8039-b91f-46f6-8f8d-849927a3c848,magdalena.link,premium,300.8,300.8,medium,low,9,namesilo,,,28/09/2026 02:17
de0b40a0-1b65-4342-a25b-c900554c74ff,commandment.link,available,2.27,7.45,high,low,11,spaceship,,,30/09/2026 19:53
46585a65-f08e-422c-8a55-2befe8b9ec01,drills.link,premium,71.5,71.5,medium,low,6,dynadot,,,30/09/2026 15:41
4182c70e-89e5-4543-90c7-2dec0f529362,rufous.link,premium,41.3,41.3,high,low,6,namesilo,,,29/09/2026 22:57
8a955f64-0584-4667-9a59-264495eab5d3,patricia.link,premium,300.8,300.8,medium,low,8,namesilo,,,28/09/2026 16:20
01cc5071-25c6-47e8-84e4-770f360394da,hinge.link,premium,148.5,148.5,high,low,5,dynadot,,,01/10/2026 19:35
0dc090f5-ac6a-4ffd-85ea-033e06dc4731,tasty.link,premium,960,960,high,low,5,namesilo,,,11/09/2026 09:04
5a4b34dc-0b45-4957-b564-8f6af5a93461,scrutinise.link,available,8.59,8.59,medium,low,10,namesilo,,,21/09/2026 03:07
df914a74-e8e6-432a-a627-7360e5766e66,fang.link,premium,776.45,776.45,high,low,4,spaceship,,,29/09/2026 06:51
3fd010a8-bb48-4236-9cc7-d05ccdaa9bd6,prostrate.link,available,4.48,11.98,high,low,9,namecheap,,,09/09/2026 03:57
4e46f5f4-9f46-48f0-a893-7f725d250800,consecrated.link,available,10.5,,medium,low,11,unstoppable,,,02/10/2026 21:14
a8f5f9fc-4ce5-408c-8a19-77dfeadf0abc,crumbs.link,premium,305.5,305.5,high,low,6,namecheap,,,02/10/2026 17:51
e6313c3f-5129-4d63-aa1c-34137446e5b5,collapsing.link,available,4.48,11.98,low,low,10,namecheap,,,20/09/2026 17:39
c2257957-2322-49b7-be0c-6bef51506f84,ozone.link,premium,1995,1995,high,low,5,namesilo,,,29/09/2026 07:48
745ca7bc-8391-4a75-8cee-ed1893f52ff8,bpd.link,premium,243.43,243.43,high,low,3,spaceship,,,03/10/2026 05:40
57a20187-de99-431f-90fd-4ceb3e25674e,verdict.link,premium,1995,1995,high,low,7,namesilo,,,27/09/2026 03:56
3e0eb3d8-09b7-4d6b-876d-43d0fae04d57,enhancing.link,premium,26.08,26.08,medium,low,9,spaceship,,,02/10/2026 12:23
9acf70a3-7cc4-44cf-80fd-078fc1cf63d1,traitor.link,premium,38.5,38.5,high,low,7,dynadot,,,27/09/2026 13:08
2e3d84d8-4168-413a-8f76-99ec2ee65a0d,acf.link,premium,362.45,362.45,high,low,3,spaceship,,,01/10/2026 23:29
5bb9cb14-0321-461c-bae5-1486bd43cc75,adorno.link,premium,84.5,84.5,medium,low,6,namecheap,,,01/10/2026 06:08
16e6162f-1a1c-4001-8838-3858aad815bd,contributing.link,premium,29.5,29.5,medium,low,12,namesilo,,,30/09/2026 05:48
b5c0b46b-9fd2-4016-9a40-94f4475fe751,unready.link,available,4.48,11.98,medium,low,7,namecheap,,,12/09/2026 17:53
9a9fd3aa-264c-45a8-a142-ffe2b990f1b0,flaw.link,premium,172.8,172.8,medium,low,4,namesilo,,,29/09/2026 00:57
75436227-3ac3-4bab-846e-c3d7fd6be2bb,internship.link,premium,448,448,high,low,10,namesilo,,,28/09/2026 10:09
3dc70b1d-ecd6-4e32-baa5-e81ebe8a8f08,dominguez.link,premium,139.93,139.93,medium,low,9,spaceship,,,30/09/2026 13:47
afd890e0-0fca-420d-ad45-17db59f36532,tiberius.link,premium,67.48,67.48,medium,low,8,spaceship,,,28/09/2026 20:38
00d35246-afdf-40a4-b06a-ea4d8e855e6f,binger.link,premium,77.35,77.35,medium,low,6,namesilo,,,23/09/2026 17:33
f7023546-526f-44b3-99f5-64938b0888e9,scouser.link,available,4.48,11.98,medium,low,7,namecheap,,,24/08/2026 08:11
8736aa75-68cc-4bec-af47-3be7d4f399a7,rodger.link,premium,71.48,71.48,medium,low,6,porkbun,,,02/10/2026 08:24
8f7aeb95-24d5-4460-b6c4-0b33fd6de2d0,cretin.link,premium,31.25,31.25,medium,low,6,name.com,,,21/08/2026 20:26
add517e9-1e92-42a5-a50e-2f465b68a833,fungicide.link,available,4.48,11.98,medium,low,9,namecheap,,,
27f53af2-03d6-4527-9b0b-ccf5536e7e07,forth.link,premium,300.8,300.8,high,low,5,namesilo,,,22/09/2026 14:59
5b75ebc7-bfd3-4ef9-952e-4bf5d55ad36c,ixc.link,premium,168.75,168.75,medium,low,3,name.com,,,
107683d4-c7a4-483b-90d3-bd70c6d742a9,fiume.link,premium,67.48,67.48,medium,low,5,spaceship,,,03/10/2026 05:29
f8b1823b-69d6-4f04-8087-f15b7c0388c1,dairy.link,premium,455,455,high,low,5,namecheap,,,01/10/2026 10:55
b2c7ef8b-46b8-4831-9a79-46fead048221,cyclin.link,available,2.27,7.45,medium,low,6,spaceship,,,02/10/2026 18:35
3f7c1d37-c827-4246-8eaa-942d4753a4c5,roamer.link,premium,175.5,175.5,high,low,6,namecheap,,,23/09/2026 20:14
be36a25c-a8ca-4e30-a0f4-c3e79277f69f,roarer.link,available,8.59,8.59,medium,low,6,namesilo,,,22/09/2026 16:57
c9c7542c-df40-439f-bb6f-2c97819b28d6,annotating.link,available,8.59,8.59,medium,low,10,namesilo,,,19/09/2026 10:41
0a64899a-f6e0-492e-812c-d893ef7f3a61,means.link,premium,300.8,300.8,high,low,5,namesilo,,,30/09/2026 04:10
eaf11f85-8596-4e64-8be5-2244cc327e29,aorta.link,premium,175.5,175.5,medium,low,5,namecheap,,,19/09/2026 16:04
677c037b-bd80-4c38-8fcb-90f3671a7125,merchants.link,premium,300.8,300.8,medium,low,9,namesilo,,,18/09/2026 04:36
0188a0cf-ea08-41a1-a797-f9c33128d33d,newtonian.link,premium,29.5,29.5,medium,low,9,namesilo,,,03/09/2026 16:55
e4d95745-001b-468a-b2c4-c646044ba975,nobility.link,premium,172.8,172.8,high,low,8,namesilo,,,20/09/2026 05:50
42d21467-169b-44b3-8457-f30c8d277a6a,alecost.link,available,8.59,8.59,medium,low,7,namesilo,,,18/09/2026 04:46
a7458f12-766d-47d4-a117-c5e349ae5fc9,sakhalin.link,premium,38.5,38.5,medium,low,8,dynadot,,,30/09/2026 21:09
e3562c44-2a1a-4622-9fb0-7a17e09b3527,veterinarian.link,premium,172.8,172.8,high,low,12,namesilo,,,01/10/2026 04:51
639106b7-08b6-4928-a488-60a50e9b32a9,lenify.link,available,4.48,11.98,medium,low,6,namecheap,,,18/08/2026 22:02
b0f6d06e-93e1-4b35-a47a-64ba9b4e1166,framed.link,premium,293.75,293.75,high,low,6,name.com,,,18/08/2026 14:04
1fcd563e-8198-49c8-a827-1fca0422a3f7,scrawny.link,available,4.48,11.98,medium,low,7,namecheap,,,09/09/2026 23:42
9b770f48-d529-419e-a833-f63a1edf972f,northerner.link,premium,29.5,29.5,medium,low,10,namesilo,,,13/09/2026 14:16
20edc48f-81cf-4aea-9009-674a560a499e,pir.link,premium,300.8,300.8,medium,low,3,namesilo,,,30/09/2026 12:35
cd4020c5-2498-45a6-ba2c-19ecf36809a1,alexanders.link,premium,172.8,172.8,medium,low,10,namesilo,,,18/09/2026 05:47
826f71c3-4400-4601-b100-c8e53c1988a2,irreversible.link,premium,41.3,41.3,medium,low,12,namesilo,,,01/10/2026 14:30
3820dbb7-105d-4d68-960c-4ce64a19252f,brute.link,premium,168.75,168.75,high,low,5,name.com,,,
42239023-b054-44eb-9185-8853d13310b8,ambiguity.link,premium,29.5,29.5,medium,low,9,namesilo,,,18/09/2026 16:43
c1e3ff1a-17c3-40db-b2e2-db047f68caef,glasgow.link,premium,362.45,362.45,high,low,7,spaceship,,,29/09/2026 12:50
3d8947ac-0ccc-4004-8ed5-f2ae0ad0e8ac,visceral.link,premium,172.8,172.8,medium,low,8,namesilo,,,10/09/2026 16:02
121dd230-e891-45e8-9a33-5cbe659949e0,siliceous.link,available,4.48,11.98,high,medium,9,namecheap,,,10/09/2026 08:07
9c04b56f-2193-427d-b736-f261e0295b7f,lucknow.link,premium,77.35,77.35,medium,low,7,namesilo,,,28/09/2026 19:45
b21a797a-6816-40c2-86f4-5072316b73b8,lexical.link,premium,77.35,77.35,medium,low,7,namesilo,,,23/08/2026 00:42
457849fe-9342-479c-9dbe-45e2494c89fc,playacting.link,available,4.48,11.98,medium,low,10,namecheap,,,
4d5c06fc-f21d-47c5-ad46-d2905473144e,barring.link,available,2.27,7.45,medium,low,7,spaceship,,,29/09/2026 01:15
b282ebd3-f4db-4b88-9e3b-bfa7ca0597f9,sown.link,premium,77.35,77.35,high,medium,4,namesilo,,,10/09/2026 15:01
3f7e5e8e-226a-4f85-b050-0a872a28770a,vespasian.link,available,7.72,7.72,medium,low,9,porkbun,,,02/10/2026 06:33
75b9c9b3-cca8-4ce3-b598-4f9ac92440c5,disarm.link,premium,41.3,41.3,high,low,6,namesilo,,,30/09/2026 11:23
ca71ec7e-6321-40c5-ab79-b53d3d286611,hydrostatic.link,available,8.59,8.59,medium,low,11,namesilo,,,02/10/2026 01:37
5b37fcee-3b02-485e-bba8-eeaaa858fd2f,bursting.link,premium,26.08,26.08,high,low,8,spaceship,,,30/09/2026 12:02
02eb7338-416e-40da-880f-3f9a495f5a42,vacuum.link,premium,362.45,362.45,high,low,6,spaceship,,,29/09/2026 23:00
8cc96b56-6b70-4348-a027-6e06e6335c45,energiser.link,available,8.59,8.59,medium,low,9,namesilo,,,19/09/2026 09:08
ca19a8ae-d9b0-4cba-acb1-410af459602e,whilst.link,premium,25.2,35,medium,low,6,unstoppable,,,01/10/2026 02:11
6dffccec-9f8e-45cb-82f5-bdae2710690a,biotin.link,premium,81.25,81.25,high,low,6,name.com,,,23/09/2026 19:07
bf2e44c9-cbb2-479a-b2e5-734246166456,tan.link,premium,960,960,high,low,3,namesilo,,,11/09/2026 07:50
ccbc5f36-2613-4a35-8908-c594c06a74ae,vietnamese.link,premium,172.8,172.8,high,low,10,namesilo,,,13/09/2026 05:32
bcdc958b-e816-4146-8fbb-001a5fd4253c,adios.link,premium,235.2,329,high,low,5,unstoppable,,,28/09/2026 18:36
fbdee072-94dc-4c5f-b9bb-10e4fb33cc08,brick.link,premium,1950,1950,high,low,5,namecheap,,,27/09/2026 11:59
4be8bc80-9a6e-49b2-aa5f-00b0d05cd590,xci.link,premium,81.25,81.25,medium,low,3,name.com,,,
48dd2204-a2de-44b9-9dd4-6d23378c3fe4,breeds.link,premium,77.35,77.35,medium,low,6,namesilo,,,20/09/2026 01:09
64919ca4-ebf2-4f43-b209-b48a6ebd1bba,causes.link,premium,77.35,77.35,medium,low,6,namesilo,,,27/09/2026 09:34
b39a401d-1be9-4182-8b98-458c7652d118,reconciled.link,premium,41.3,41.3,high,low,10,namesilo,,,09/09/2026 11:49
e78d5837-dab5-444f-b5c6-1461a514ed84,raider.link,premium,258.5,258.5,medium,low,6,dynadot,,,02/10/2026 04:35
8a2954a1-0fd5-417a-b4c7-e1c008032225,nervy.link,premium,29.5,29.5,medium,low,5,namesilo,,,11/08/2026 02:28
ec3af023-bc1e-4c9e-b162-0d118e6ccac4,dandified.link,available,10.99,13.99,medium,low,9,name.com,,,13/08/2026 17:01
555319c5-cdc6-4673-9122-5a5732c1711f,mandan.link,premium,26.08,26.08,high,low,6,spaceship,,,03/10/2026 05:55
8b97d997-a0bf-4b19-b973-cc27c6451ebe,quatern.link,available,4.48,11.98,medium,low,7,namecheap,,,
f061a95a-c291-48a7-86e6-b89bad44d8e1,gingerbread.link,premium,141.75,189,high,low,11,namecheap,,,
3b8f5aef-e02c-4b1f-be1b-efb84c7bf510,yearner.link,available,4.48,11.98,medium,low,7,namecheap,,,15/09/2026 12:51
b56d7233-ba9c-44fb-8775-cbb19bb3018a,grants.link,premium,350.2,,high,low,6,unstoppable,,,29/09/2026 09:56
4be66be5-3800-4364-a820-da54dbc65979,hui.link,premium,448,448,high,low,3,namesilo,,,27/09/2026 07:46
a9571b75-a21f-4419-8055-cbede500779b,eleazar.link,premium,45.5,45.5,medium,low,7,namecheap,,,02/10/2026 09:32
70a294f8-736f-4b1a-875b-bbe8dfe1eae7,suddenly.link,premium,168.75,168.75,medium,low,8,name.com,,,13/08/2026 19:19
805669a8-8f69-4696-bb57-f6d486d97205,amines.link,premium,29.5,29.5,medium,low,6,namesilo,,,29/09/2026 11:37
a97f8cb7-cc15-422c-bc10-7a7a8016ef08,smuggling.link,available,7.71,7.71,medium,low,9,dynadot,,,28/09/2026 15:22
1ce85d74-f671-4005-9288-cb8de20104aa,lucinda.link,premium,77.35,77.35,medium,low,7,namesilo,,,29/09/2026 15:29
1206da12-9f4c-4d78-889b-c74524aa68c5,whether.link,premium,77.35,77.35,high,low,7,namesilo,,,30/09/2026 22:27
3e95cd73-5709-4cb0-a358-c26ddafdf9da,multichannel.link,premium,139.93,139.93,high,low,12,spaceship,,,02/10/2026 07:39
d0fd3148-3d71-4960-8843-90347a70bd3c,occipital.link,premium,29.5,29.5,medium,low,9,namesilo,,,04/09/2026 00:11
89028238-5702-4e8b-bc68-060a1821a2c1,ghz.link,premium,139.93,139.93,high,low,3,spaceship,,,27/09/2026 13:41
b7456229-d94a-41f9-a6f3-584ade508da6,eyrie.link,premium,77.35,77.35,high,low,5,namesilo,,,
a9e6dc1b-dd2f-4fbe-96af-0256dcabc683,harbin.link,premium,139.93,139.93,medium,low,6,spaceship,,,29/09/2026 22:05
8f639a6c-0fe8-48de-9473-89688f6c9b81,plunge.link,premium,175.5,175.5,high,low,6,namecheap,,,10/09/2026 19:52
618e5422-3992-456c-9025-1caa21a53e93,pines.link,premium,148.5,148.5,medium,low,5,dynadot,,,30/09/2026 07:04
7517314b-b08d-4c6f-838b-2e7dc4d6e953,loretta.link,premium,139.93,139.93,medium,low,7,spaceship,,,28/09/2026 22:00
fef6ee83-21aa-4185-8ed3-e3f11a4b9cdf,pharaoh.link,premium,139.93,139.93,high,low,7,spaceship,,,30/09/2026 10:51
b913f47b-d033-43f8-bbbf-cf3400f1ec63,hastily.link,available,4.48,11.98,medium,low,7,namecheap,,,14/09/2026 23:06
b7b01e73-1fbf-4c55-92cd-7a4cf49f0694,precocious.link,available,4.48,11.98,high,medium,10,namecheap,,,09/09/2026 01:16
d90f094d-0cbb-49df-afc6-7259b36c0dbd,acromion.link,available,8.59,8.59,medium,low,8,namesilo,,,17/09/2026 03:49
2debcf4a-87c2-4311-9777-e319358a17bc,aper.link,premium,172.8,172.8,medium,low,4,namesilo,,,19/09/2026 16:29
ff6f0184-94f8-47df-8b73-bb726159c32d,scriptural.link,available,4.48,11.98,medium,low,10,namecheap,,,09/08/2026 18:55
1d93fe92-9a86-4207-afa4-b7f48cb63b0c,corvallis.link,premium,41.3,41.3,medium,low,9,namesilo,,,30/09/2026 05:45
7713b836-b794-459a-a480-ecf29145701e,amiability.link,available,8.59,8.59,high,low,10,namesilo,,,17/09/2026 13:57
0569e6c9-31d3-4a46-9412-2120c9e6f84c,fart.link,premium,960,960,high,low,4,namesilo,,,01/10/2026 01:11
21cc023f-f1b0-476b-b616-d861ff3b0898,unimpeded.link,available,4.48,11.98,medium,low,9,namecheap,,,12/09/2026 13:10
17fc0ca1-8ea6-4213-af1d-5fe46c347b63,before.link,premium,448,448,high,low,6,namesilo,,,21/09/2026 23:34
3cc68e20-a40a-4e77-b9fc-cd17a8bfe14c,vitaliser.link,available,8.59,8.59,medium,low,9,namesilo,,,19/09/2026 09:12
f251fc5b-2fcd-4ee0-bc8d-8424cc5a8f9a,roxanne.link,premium,135.2,,high,low,7,unstoppable,,,01/10/2026 23:46
61c92cdd-d363-4dea-b5f1-b077bd021370,wyatt.link,premium,300.8,300.8,high,low,5,namesilo,,,25/09/2026 07:54
a31f4a7c-905c-4936-8580-6bd3bb006f14,queenstown.link,premium,243.43,243.43,medium,low,10,spaceship,,,02/10/2026 00:46
931b203f-dbd3-4679-9b54-2587dc9e9716,centralia.link,premium,38.73,38.73,medium,low,9,porkbun,,,02/10/2026 10:19
5e8cd3ec-adae-494d-bf8c-e3d9d63bee84,rallies.link,premium,29.5,29.5,medium,low,7,namesilo,,,02/10/2026 02:59
0805b900-04fe-44b9-b3bd-f6c51fd5a56c,rarified.link,premium,29.5,29.5,medium,low,8,namesilo,,,17/08/2026 15:46
6f9504c2-1179-42aa-b7f1-1dc1393d6e86,strife.link,premium,77.35,77.35,high,low,6,namesilo,,,24/09/2026 22:33
249f9b92-7f41-48f5-9f92-4d6b3ef5ba66,pilous.link,premium,32.5,32.5,high,medium,6,namecheap,,,08/09/2026 19:38
439b1bd2-ae83-4544-9d54-ebba5862b743,interval.link,premium,362.45,362.45,high,low,8,spaceship,,,29/09/2026 13:09
8ade336e-7c5b-4d74-b64f-640283a0716e,coles.link,premium,235.2,,medium,low,5,unstoppable,,,02/10/2026 01:35
d3227b92-bc73-4e01-ac69-e305e1be754b,soph.link,premium,172.8,172.8,medium,low,4,namesilo,,,10/09/2026 14:20
a0e77f5f-0728-49a3-b4b2-a4828616cd71,consuming.link,premium,32.5,32.5,high,low,9,namecheap,,,23/09/2026 21:22
8c94b077-14a3-4157-b5b4-08fbd0df084b,jural.link,premium,41.3,41.3,medium,low,5,namesilo,,,22/08/2026 14:34
e3bcc38e-bc3d-45f1-b06f-d3bb4551a370,nikola.link,premium,455,455,high,low,6,namecheap,,,29/09/2026 22:11
8fba9019-ace5-4f30-9844-2cf97766321d,sneaker.link,resell,,,high,low,7,Tucows Domains Inc.,02/03/2020 02:26,02/03/2027 02:26,26/09/2026 09:07
5ec2299c-55a6-4e18-b16c-dbe8bac7bbdd,hubbub.link,premium,305.5,305.5,medium,low,6,namecheap,,,24/09/2026 10:52
8ca879d4-5aba-410e-b04f-08f5810b8f26,centralised.link,available,2.27,7.45,high,low,11,spaceship,,,02/10/2026 01:46
a0e25d35-d663-4ce3-bb9f-b6bb0f2356c3,dorchester.link,premium,77.35,77.35,medium,low,10,namesilo,,,27/09/2026 07:30
170612d7-111f-48a1-b0fd-278ca1eee1aa,aluminum.link,premium,300.8,300.8,high,low,8,namesilo,,,18/09/2026 00:21
641c172c-a35e-4bef-828f-7ff2745b8a20,intuitions.link,premium,45.5,45.5,medium,low,10,namecheap,,,20/09/2026 19:28
585f9a8c-4076-4412-888e-056f60550bcb,kabul.link,premium,67.48,67.48,medium,low,5,spaceship,,,27/09/2026 12:08
3cd3dbf6-1de3-445c-965a-873f098a8dc4,choosing.link,premium,77.35,77.35,high,low,8,namesilo,,,28/09/2026 03:32
ff14d5d8-71ac-4735-af66-7c37d6314432,pertinent.link,premium,41.3,41.3,high,low,9,namesilo,,,06/08/2026 07:59
cefec409-1c6a-4f6a-8fe1-0eae680666c2,benzene.link,premium,77.35,77.35,high,low,7,namesilo,,,23/09/2026 08:52
4774f33e-5177-4352-91a5-a5e12add28dd,reputably.link,available,4.48,11.98,medium,low,9,namecheap,,,15/09/2026 23:17
841ee79d-915d-4e9b-994b-ab34af82049d,thou.link,premium,77.35,77.35,medium,low,4,namesilo,,,21/09/2026 11:11
ff191719-e2a6-4c74-808b-c64bfee71dba,frothing.link,available,4.48,11.98,medium,low,8,namecheap,,,18/08/2026 09:42
c67d3b61-b797-4f10-88da-2172b0c3e34d,sybil.link,premium,172.8,172.8,high,low,5,namesilo,,,29/09/2026 14:56
d308556d-d9b4-48bf-9bf6-2750bb283499,palatable.link,premium,41.3,41.3,high,low,9,namesilo,,,04/09/2026 23:15
4bbf91e9-375d-4342-b658-41bfa236301d,parrott.link,premium,36.43,36.43,medium,low,7,spaceship,,,30/09/2026 21:39
f8e5af73-cbcf-4e6b-b670-43117e47443c,papist.link,available,4.48,11.98,medium,low,6,namecheap,,,05/09/2026 01:35
28706365-e7f4-4233-931d-d4e71af86fce,liquidate.link,premium,77.35,77.35,high,low,9,namesilo,,,03/10/2026 02:30
be9b28de-abde-443c-9cb7-38e6c0f5223b,comal.link,premium,81.25,81.25,low,low,5,name.com,,,12/08/2026 18:23
9e7641af-ffad-4eb3-b579-c8e021a356cf,emden.link,premium,38.5,38.5,high,low,5,dynadot,,,03/10/2026 03:41
10c8d984-b26a-43f8-8bda-10ef505fc3e6,holdings.link,premium,305.5,305.5,medium,low,8,namecheap,,,17/09/2026 20:27
8c844071-f7fd-4539-a979-c8cd2389deda,bauxite.link,premium,45.5,45.5,medium,low,7,namecheap,,,22/09/2026 16:42
7f075ef1-ced3-4e39-aef6-34e20b83b0be,needy.link,premium,84.5,84.5,medium,low,5,namecheap,,,24/09/2026 06:57
0f53b5d2-4cae-4938-ac73-58d9c3c6fc6f,yoshida.link,premium,172.8,172.8,high,low,7,namesilo,,,29/09/2026 11:11
3bcb02bf-bf3a-4957-b954-3bed51225d38,obsessed.link,premium,168.75,168.75,medium,low,8,name.com,,,21/08/2026 01:32
f9ee3a28-880a-4cb8-9b7d-9ae894b1d870,mutinous.link,available,4.48,11.98,medium,low,8,namecheap,,,03/09/2026 11:55
3f56bb08-380a-428c-8c11-102e1a4c0e68,malaysian.link,premium,168.75,168.75,high,low,9,name.com,,,24/08/2026 13:46
d0645a5a-49e0-4ada-b6d7-f0cbbfbf531e,ekman.link,premium,67.48,67.48,medium,low,5,spaceship,,,02/10/2026 14:58
8c1a8d20-8792-44f5-aefb-4e3631a697bd,bianca.link,premium,385,385,medium,low,6,dynadot,,,28/09/2026 17:40
fe33994e-b80a-4445-a561-5c734a4733b3,unblessed.link,available,4.48,11.98,medium,low,9,namecheap,,,12/09/2026 02:14
a13d7fab-ff96-4779-92b6-01221f7def02,failure.link,premium,172.8,172.8,high,low,7,namesilo,,,25/09/2026 22:41
94cc4414-7cda-4544-82ed-193e812ac62f,unchanging.link,available,4.48,11.98,medium,low,10,namecheap,,,12/09/2026 05:04
00263da7-552c-4bea-b7ec-f6c6c63f9631,dour.link,premium,41.3,41.3,medium,low,4,namesilo,,,14/08/2026 14:56
7950d2c5-b635-4ce9-aa11-40bf44808e09,slash.link,premium,1995,1995,high,low,5,namesilo,,,29/09/2026 07:02
412a8f48-170d-44e0-a9d4-4ebe32cc61fc,respectable.link,premium,41.3,41.3,high,low,11,namesilo,,,28/09/2026 11:23
68718654-debf-4a5e-936c-9dfbf131cdc7,inductive.link,premium,77.35,77.35,medium,low,9,namesilo,,,22/08/2026 03:29
d6bbfd5d-c43c-4be6-b005-9c75d427805a,stick.link,premium,382.61,382.61,high,low,5,porkbun,,,29/09/2026 00:24
9b2addb3-6ff5-4100-a08f-18c05c2dea25,fukuoka.link,premium,175.5,175.5,high,low,7,namecheap,,,29/09/2026 12:24
72bda722-6c09-45d9-903d-ab858d9c4371,bugs.link,premium,455,455,medium,low,4,namecheap,,,25/09/2026 12:21
8af5421a-9290-4f7d-a3ee-0911ae7a7b89,turki.link,premium,168.75,168.75,medium,low,5,name.com,,,11/09/2026 21:16
82f06b2f-c846-436f-b3ca-e89ad2a3d4f1,textbooks.link,premium,305.5,305.5,medium,low,9,namecheap,,,30/09/2026 16:14
d3ec6893-005e-4986-9aed-ca7d0e1e3628,seaweed.link,premium,235.2,,high,low,7,unstoppable,,,30/09/2026 02:49
8ed2dcad-c3fb-466e-a228-56736356db45,arame.link,premium,41.3,41.3,medium,low,5,namesilo,,,19/09/2026 23:56
6b9ee154-7199-4d39-a692-128d4107cdee,bilberry.link,premium,77.35,77.35,medium,low,8,namesilo,,,23/09/2026 15:37
6bb489f4-4425-4701-82d5-da2bc684b326,stemmed.link,available,4.48,11.98,medium,low,7,namecheap,,,11/08/2026 22:33
c4b7352c-52c3-4d8d-9b7d-b7252e066175,contested.link,premium,29.5,29.5,medium,low,9,namesilo,,,23/09/2026 22:01
1ce190fd-2f5b-42cb-bc1b-7ea33917cdac,robertson.link,premium,448,448,high,low,9,namesilo,,,25/09/2026 09:45
089e6149-4871-4571-a593-378688d02298,eternal.link,premium,1995,1995,high,medium,7,namesilo,,,21/09/2026 22:47
78b266a4-e795-4dd8-8001-8017b02e380a,dreamfully.link,available,4.48,11.98,medium,low,10,namecheap,,,14/09/2026 14:19
2afc5228-1265-4183-aabd-b54799c74ed8,globalization.link,premium,67.48,67.48,medium,low,13,spaceship,,,01/10/2026 13:13
a4e6a731-a65e-4c2c-a86e-bba593e18165,coming.link,premium,243.43,243.43,high,low,6,spaceship,,,03/10/2026 02:33
b7e3f151-3f3a-49f4-8d56-bb61b20cad4c,clinical.link,premium,448,448,high,low,8,namesilo,,,01/10/2026 21:10
6bbe3563-056e-45a2-9f1c-90478a9071c8,noises.link,premium,41.3,41.3,low,low,6,namesilo,,,28/09/2026 13:21
e6d2da6c-42af-45e2-a37a-1e7a1a332ba7,palladium.link,premium,960,960,high,low,9,namesilo,,,20/09/2026 23:10
fa4c8d35-bc79-45b4-ba9f-60aa3b8322d0,gramme.link,premium,36.43,36.43,high,low,6,spaceship,,,29/09/2026 20:16
c0cbc160-2042-4dd4-bec2-9aecd60f0d90,cwt.link,premium,257.06,257.06,high,high,3,porkbun,,,29/09/2026 06:17
bc433929-8329-41d0-bdba-70972e529b5f,consecutive.link,premium,25.2,,medium,low,11,unstoppable,,,29/09/2026 04:45
30a1c118-cdf2-4dfb-91c7-3f12ccc33cd9,deleted.link,premium,139.93,139.93,medium,low,7,spaceship,,,29/09/2026 21:19
8cd71969-9907-4d26-b70d-8c910850b302,cubist.link,premium,77.35,77.35,high,low,6,namesilo,,,13/08/2026 10:03
5239a52a-3a8b-4bbb-966b-74c8bc4ecb58,overlay.link,premium,448,448,high,low,7,namesilo,,,02/10/2026 06:00
5f5a7f58-2ffb-49d8-be96-a2a7e8d57542,renunciant.link,available,4.48,11.98,medium,low,10,namecheap,,,09/09/2026 14:23
640ce2cd-cd21-4060-937a-e88e5ea571b1,scottish.link,premium,300.8,300.8,high,low,8,namesilo,,,09/09/2026 23:35
966a79a9-4965-47e8-ba9a-bad6d20642fc,bouncer.link,premium,139.93,139.93,high,low,7,spaceship,,,02/10/2026 23:40
2e53da78-64ef-4f75-9657-8ba753c1fc2b,pursuit.link,premium,448,448,high,low,7,namesilo,,,21/09/2026 09:41
d1953288-32e0-49db-922d-9ca3a301118c,moore.link,premium,1552.7,1552.7,high,low,5,spaceship,,,27/09/2026 13:11
f1919cd5-3651-492e-9299-8aa6cfa2d160,postmortal.link,available,4.48,11.98,medium,low,10,namecheap,,,09/09/2026 00:33
b4552a95-ec87-415b-a1ab-e32362e7e373,locking.link,premium,84.5,84.5,medium,low,7,namecheap,,,28/09/2026 06:12
4a49ba41-0692-4f10-9e6d-960252d3a176,naming.link,premium,235.2,300.8,high,low,6,unstoppable,,,02/10/2026 11:31
9b17ac0f-fe3a-42ae-b050-1759b9366e66,tes.link,premium,825,825,medium,low,3,dynadot,,,30/09/2026 14:57
ffd20a5b-db53-42bc-a883-9cfc932316a7,amora.link,premium,300.8,300.8,high,low,5,namesilo,,,18/09/2026 22:38
328eea31-5f83-48c0-ada0-1a66d17b2c76,sextuple.link,available,4.48,11.98,medium,low,8,namecheap,,,10/09/2026 05:19
d842086a-fb4f-4d8f-80fb-3ee84ec22a9f,witte.link,premium,243.43,243.43,medium,low,5,spaceship,,,30/09/2026 12:35
3207dd70-9097-434b-b27c-41ef600c8e93,drip.link,premium,1638.01,1638.01,high,medium,4,porkbun,,,28/09/2026 18:59
38d62be2-2e76-4106-afbf-a54d22c6bcc6,nolan.link,premium,448,448,high,low,5,namesilo,,,25/09/2026 15:37
99c6dc2c-23a7-4b77-8062-f9ce23b97e07,adrenalin.link,premium,448,448,high,low,9,namesilo,,,17/09/2026 09:56
7eb25777-72ee-4efc-8cf6-928b630a8a02,mawr.link,premium,36.43,36.43,medium,low,4,spaceship,,,28/09/2026 21:42
c1f201fa-5213-4526-ad2c-d850afb01e2d,piggyback.link,premium,172.8,172.8,high,low,9,namesilo,,,15/09/2026 19:45
ddf424c4-22b2-4d78-8ea2-7d3fe92e21ce,sanely.link,premium,29.5,29.5,medium,low,6,namesilo,,,16/09/2026 00:33
b6867ff0-a46e-42a2-9afd-e4b0324040ad,roundly.link,available,4.48,11.98,medium,low,7,namecheap,,,14/09/2026 00:45
2b71d572-a70d-4537-aab8-6b3fb7d6a553,contribute.link,premium,300.8,300.8,high,low,10,namesilo,,,28/09/2026 06:58
6e8e8877-3922-429d-9372-1cadeb9ab834,dissected.link,available,4.48,11.98,medium,low,9,namecheap,,,12/08/2026 10:41
1ff8a315-d9b0-408c-b212-92244694fc03,snide.link,premium,29.5,29.5,high,medium,5,namesilo,,,10/09/2026 12:33
fa5218b1-80ac-4634-bda6-86eae621eeb9,puke.link,premium,168.75,168.75,medium,low,4,name.com,,,11/08/2026 09:18
b5d58d46-089d-494c-99dd-e5adc4d6bd13,ashamed.link,premium,27.82,27.82,medium,low,7,porkbun,,,27/09/2026 17:32
e36a1f64-0d19-44c7-9870-71b1d70382a0,clare.link,premium,305.5,305.5,high,low,5,namecheap,,,29/09/2026 03:17
31a15251-4fa7-423a-88c3-b2dc5e9c43e6,fermium.link,premium,32.5,32.5,medium,low,7,namecheap,,,20/09/2026 21:55
a0f376a0-ce6a-4fb5-98ca-d7ae006c32c0,gimpy.link,premium,29.5,29.5,medium,low,5,namesilo,,,13/08/2026 07:05
9a744e0d-d44a-4274-a0a5-e36698a94920,inimitable.link,premium,77.35,77.35,high,low,10,namesilo,,,22/08/2026 05:23
af79ac69-e7a7-463e-aa2e-4ad88048bc68,became.link,premium,136.69,182.25,medium,low,6,namecheap,,,
a0f2560f-246e-4acd-aba8-827e4c91acaa,aic.link,premium,1552.7,1552.7,high,low,3,spaceship,,,02/10/2026 19:14
50a3e1e5-bd6e-4cff-a692-884400742297,acids.link,premium,35.44,47.25,medium,low,5,namecheap,,,
df33b0dd-8818-4690-b6c8-c901df33bc34,shrinkable.link,available,4.48,11.98,high,medium,10,namecheap,,,10/09/2026 06:57
98a206bf-6f95-48d0-bbd6-9842feee2c7e,motorised.link,available,4.48,11.98,medium,low,9,namecheap,,,25/08/2026 08:28
8cb32bc9-3d05-4b8c-9838-db96e5313620,allele.link,premium,41.3,41.3,medium,low,6,namesilo,,,18/09/2026 10:44
f3194b65-bfd6-4519-90e9-06d49ab491f5,adirondack.link,premium,135.2,,medium,low,10,unstoppable,,,28/09/2026 21:35
efe3def7-5abd-46b1-be24-ffe863ea687e,blessed.link,premium,455,455,high,low,7,namecheap,,,22/09/2026 18:43
a4adee75-827d-45f2-9416-b82ce0628a3c,mouthy.link,premium,25.31,33.75,medium,low,6,namecheap,,,
4123388e-f105-478c-8eb8-9c41f03dc839,inch.link,premium,448,448,high,low,4,namesilo,,,25/09/2026 08:00
01200506-1102-40e7-bb11-dbdc43bb32f9,valve.link,premium,362.45,362.45,high,low,5,spaceship,,,28/09/2026 11:02
4483d7db-b4d0-4542-9d7f-0b0143d15914,localized.link,premium,77.35,77.35,high,low,9,namesilo,,,24/08/2026 08:45
0b981e1a-3c33-451d-8133-1b31e5684643,marlborough.link,premium,77.35,77.35,medium,low,11,namesilo,,,27/09/2026 01:35
535c3769-c5bc-4d92-9eaf-a57ee55f71a0,fecal.link,premium,29.5,29.5,medium,low,5,namesilo,,,17/08/2026 20:38
24e80ec5-4833-47c2-9bdd-7c6a8c8425ae,hovers.link,premium,32.5,32.5,medium,low,6,namecheap,,,21/09/2026 10:26
5621867e-9504-43dd-a2a1-4e5c00acf419,axelrod.link,premium,38.5,38.5,medium,low,7,dynadot,,,02/10/2026 20:17
a3352f0b-017a-4076-805a-85cfee449a1e,comate.link,premium,43.75,43.75,low,low,6,name.com,,,12/08/2026 18:20
110ce881-693b-4f58-8fa7-b3a357530600,dealing.link,premium,172.8,172.8,high,low,7,namesilo,,,25/09/2026 04:50
6fd56ccb-6d2e-4835-ae8b-3cb9197b5386,exhibition.link,premium,385,385,high,low,10,dynadot,,,29/09/2026 18:34
1bb3066c-f8a5-41fe-b821-8a8da3d3e6d5,agnostical.link,available,4.48,11.98,medium,low,10,namecheap,,,
d51e723b-32f8-4195-b9f7-1fe66e6f9b1c,barracks.link,premium,45.5,45.5,medium,low,8,namecheap,,,28/09/2026 13:08
e867e35d-bb8a-4ef4-968b-61230fbdc5e6,synthase.link,premium,25.2,,medium,low,8,unstoppable,,,28/09/2026 16:05
7ce17f8d-cc00-4d25-aac7-90f520764469,filling.link,premium,172.8,172.8,high,low,7,namesilo,,,25/09/2026 22:48
5293cd3a-5755-479e-8370-77e2d642bd00,zinn.link,premium,65.2,,medium,low,4,unstoppable,,,03/10/2026 02:52
934547b4-8609-4964-9496-053c52ff05c7,demands.link,premium,77.35,77.35,low,low,7,namesilo,,,27/09/2026 10:52
d58ff274-82b6-41ff-a1ca-40384579980c,whisking.link,available,2.27,7.45,medium,low,8,spaceship,,,01/10/2026 23:58
175b675e-02fb-4202-88e1-ca52d4a505dc,painter.link,premium,362.45,362.45,high,low,7,spaceship,,,27/09/2026 12:44
7dc2e326-108c-460d-8d1a-f504bf89af41,james.link,premium,3622.7,3622.7,high,medium,5,spaceship,,,29/09/2026 18:17
b1a34247-37d3-4453-be46-23238eb7013b,exposed.link,premium,293.75,293.75,high,low,7,name.com,,,17/08/2026 18:37
b824f7a4-bdae-4b55-97e6-0e62529a6d53,eldest.link,premium,41.3,41.3,high,low,6,namesilo,,,16/08/2026 02:19
0e44f4cb-cfd3-429f-be19-d1a746ae2259,zapata.link,premium,172.8,172.8,medium,low,6,namesilo,,,29/09/2026 18:45
6ccc6df6-709f-4aa7-bb1b-4aece3e114af,sligo.link,premium,77.35,77.35,medium,low,5,namesilo,,,30/09/2026 04:53
d2bfb432-74d6-46bc-bb4c-806137d4862d,awny.link,available,4.48,11.98,medium,low,4,namecheap,,,08/08/2026 01:25
03e19eb3-5602-413a-b83f-82efb8428611,polluting.link,available,7.72,7.72,medium,low,9,porkbun,,,03/10/2026 03:11
4dc8de6b-346e-4659-9f51-0f50ec502db9,hairs.link,premium,172.8,172.8,medium,low,5,namesilo,,,28/09/2026 08:42
03ae081d-ea0b-441b-887d-fd06fe3f6c9b,midwinter.link,premium,71.5,71.5,medium,low,10,dynadot,,,02/10/2026 19:08
544d0def-775e-4b82-b61d-6b385562024b,serially.link,premium,77.35,77.35,medium,low,8,namesilo,,,16/09/2026 01:08
8b272d51-22c2-40f0-b79c-b92e724cc892,carrying.link,premium,35.2,49,high,low,8,unstoppable,,,01/10/2026 19:14
6b02404b-41a5-47ea-ac87-7f51a3fcd589,generates.link,premium,29.5,29.5,medium,low,9,namesilo,,,08/09/2026 05:16
83e5521a-d37d-4227-ad8d-bbd43ded9d48,specifics.link,premium,26.08,26.08,medium,low,9,spaceship,,,29/09/2026 17:04
0cf312b9-ba8e-4c35-8f5f-090b4230b8db,refuge.link,premium,455,455,high,low,6,namecheap,,,20/09/2026 18:32
a7460f8b-b2b4-4836-9495-6da9dc68a6f1,alliaceous.link,available,4.48,11.98,medium,low,10,namecheap,,,
fbf1fab2-2876-422b-b755-cf7c11fc185c,aboveboard.link,premium,41.3,41.3,medium,low,10,namesilo,,,
787854d4-8aa4-4a82-88a6-e593e9ee7047,grinning.link,premium,29.5,29.5,high,low,8,namesilo,,,27/09/2026 23:14
064464bb-b744-4e9c-a56a-5ce2d3029c62,leyte.link,premium,29.5,29.5,medium,low,5,namesilo,,,29/09/2026 01:34
4c50d2ca-76c1-45a4-a2d9-12e45074ce4f,augean.link,available,4.48,11.98,medium,low,6,namecheap,,,07/08/2026 16:54
56dfe5e8-9044-4ed1-8747-e8a2a7504b6d,allergy.link,premium,362.45,362.45,high,low,7,spaceship,,,28/09/2026 20:29
049fe747-5459-4a82-b345-2e6df14d2df2,servicing.link,premium,139.93,139.93,high,low,9,spaceship,,,01/10/2026 21:38
d6406a07-96ae-4078-9cce-1fb8aabb7c54,become.link,premium,350.2,490,high,low,6,unstoppable,,,30/09/2026 15:37
3cc95a09-dc1e-4981-84f9-7d60f23432cc,diffident.link,available,4.48,11.98,medium,low,9,namecheap,,,14/08/2026 07:01
31832fa5-8480-4a85-9fca-632f55f87290,include.link,premium,455,455,high,low,7,namecheap,,,30/09/2026 20:19
40e8cc0a-f8db-4a84-bdd0-8ebbcae3c2b9,socratic.link,premium,172.8,172.8,high,low,8,namesilo,,,10/09/2026 13:20
81b7bf36-39ae-43bf-9792-7986b0778d44,conveniently.link,available,2.27,7.45,high,low,12,spaceship,,,30/09/2026 11:38
a959d163-cbdf-427b-adf1-b28269e10578,plantations.link,premium,41.3,41.3,medium,low,11,namesilo,,,02/10/2026 12:59
6bbc9a2e-c73a-45ea-9cf3-374e4b86472f,stanton.link,premium,300.8,300.8,high,low,7,namesilo,,,25/09/2026 05:30
82a1f319-c92a-452b-90bf-8aec1b95d7ad,bald.link,premium,293.75,293.75,medium,low,4,name.com,,,08/08/2026 09:16
0af588cb-e304-4fc4-90f5-70b435c7dcb0,pigheaded.link,available,4.48,11.98,medium,low,9,namecheap,,,11/08/2026 08:32
a7712bf3-af85-45fe-9597-781dd566b941,gauguin.link,premium,36.43,36.43,medium,low,7,spaceship,,,01/10/2026 19:42
355b6fc6-0071-4eb2-9ca8-49d1c7e0bc07,stormproof.link,premium,32.5,32.5,medium,low,10,namecheap,,,10/09/2026 21:24
61fc0e6c-e012-4c5f-832b-c1cc67b559e5,detour.link,premium,243.43,243.43,high,low,6,spaceship,,,29/09/2026 14:19
a8d84c51-4dcb-410e-961a-7ed29529dd65,expenses.link,premium,172.8,172.8,medium,low,8,namesilo,,,27/09/2026 22:47
eb1565c6-8140-45a0-b13d-8f620ee599ec,shona.link,premium,77.35,77.35,high,medium,5,namesilo,,,10/09/2026 06:44
046f8ba6-3455-4d59-b938-fff8b51e177a,england.link,premium,825,825,high,low,7,dynadot,,,29/09/2026 18:14
647f8a43-3e46-4eee-98a9-c04bb8dab192,chequebook.link,available,8.59,8.59,medium,low,10,namesilo,,,24/09/2026 13:58
d7e30bc6-3deb-4f66-88af-d590a2494d34,burdensome.link,available,4.48,11.98,medium,low,10,namecheap,,,11/08/2026 10:29
7737c152-7156-4dcb-ae86-194610a17394,dispersion.link,premium,77.35,77.35,high,low,10,namesilo,,,24/09/2026 22:57
68f08928-2d6d-4d2b-8cd7-3c860a1c4378,pixilated.link,premium,29.5,29.5,low,low,9,namesilo,,,09/08/2026 15:41
9d41dd2f-b030-424d-bfe9-662d55c21444,grecian.link,premium,31.25,31.25,high,low,7,name.com,,,20/08/2026 19:44
7b1ae3b5-87c5-4271-bfd3-382b3e3aeff4,tokyo.link,resell,,,high,low,5,"Dynadot, LLC",30/07/2020 10:30,30/07/2027 10:30,26/09/2026 09:40
0e662a46-9fa4-4942-925c-35b268e4c7d4,aniline.link,premium,29.5,29.5,medium,low,7,namesilo,,,18/09/2026 21:45
f22be21e-df35-49e9-9fd4-84a9666de93a,covered.link,premium,305.5,305.5,high,low,7,namecheap,,,24/09/2026 00:50
5b5da167-4a29-484f-b701-f42d2afb08bd,previous.link,premium,77.35,77.35,high,low,8,namesilo,,,01/10/2026 02:56
8a879156-ebaa-4914-a4cb-02d042fa21c4,hermes.link,premium,1995,1995,high,high,6,namesilo,,,03/10/2026 01:12
28c2b7e0-54e4-4f91-92a9-1708af4819b2,oxonian.link,available,4.48,11.98,medium,low,7,namecheap,,,04/09/2026 22:32
0829ba56-0280-4e9b-8ef8-a7bc56a58d96,warming.link,premium,77.35,77.35,high,low,7,namesilo,,,11/08/2026 14:09
9fea3f85-cdf1-48ce-b8c7-5e32f46107f0,contractors.link,premium,350.2,,medium,low,11,unstoppable,,,30/09/2026 07:30
013eae82-73ff-4fe9-9420-a92088c97b5b,nicoll.link,premium,148.5,148.5,medium,low,6,dynadot,,,03/10/2026 05:35
d9cb0e61-6681-4338-b031-51e27df5a1fb,insolvent.link,premium,77.35,77.35,medium,low,9,namesilo,,,08/08/2026 13:34
4d3e2a3b-e0b6-4ee1-8d5e-181ed716749e,flattery.link,premium,26.08,26.08,medium,low,8,spaceship,,,02/10/2026 04:53
4d58dfdb-e5f5-4ec6-86b1-90d33e370cff,fondly.link,premium,45.5,45.5,high,low,6,namecheap,,,14/09/2026 19:12
01d2a880-3423-41f0-b484-97614658f96e,acantha.link,premium,32.5,32.5,medium,low,7,namecheap,,,16/09/2026 20:38
18e64d43-b910-4e2d-8599-8863018f26a4,antidotal.link,available,4.48,11.98,medium,low,9,namecheap,,,
456e9ef9-81e5-4ee0-973a-aa2c76c8c981,diminish.link,premium,25.2,,medium,low,8,unstoppable,,,01/10/2026 19:13
bfbb4744-ce8e-4d2f-adb5-724b478fbf76,aquamarine.link,premium,448,448,high,low,10,namesilo,,,19/09/2026 22:49
aff5873c-52aa-4c5d-a935-4af9bf0b363a,kush.link,premium,975,975,high,low,4,namecheap,,,02/10/2026 00:37
5997a453-f0bc-4af7-8293-00c55a2bdbbc,autobus.link,premium,293.75,293.75,medium,low,7,name.com,,,21/09/2026 05:51
cda21792-77dc-4345-8a15-e44ddb390d3e,pulverized.link,available,4.48,11.98,medium,low,10,namecheap,,,18/08/2026 04:41
fca1e67b-838f-4809-b5f9-4d9311e336f8,liberties.link,premium,77.35,77.35,medium,low,9,namesilo,,,18/09/2026 04:52
38d6d3bf-27d5-4700-9c67-b2ef10bd40cd,classifier.link,premium,36.43,36.43,high,low,10,spaceship,,,01/10/2026 01:28
1afd19d1-368f-48ab-8b64-0faa4c62b6e9,bickering.link,available,8.59,8.59,medium,low,9,namesilo,,,23/09/2026 13:12
bad0c4c5-f057-4ee3-9501-457d32969ad8,annihilation.link,premium,36.43,36.43,medium,low,12,spaceship,,,02/10/2026 21:42
cff0e877-562e-4457-a41d-51316f21e609,bahr.link,premium,172.8,172.8,medium,low,4,namesilo,,,01/10/2026 16:27
f5b2b5cb-9668-46ed-8175-b6c985d3f82a,width.link,premium,77.35,77.35,high,low,5,namesilo,,,30/09/2026 03:06
83c14132-d82a-43eb-8ecd-9d58f5377e02,macy.link,premium,139.93,139.93,medium,low,4,spaceship,,,28/09/2026 22:01
b812fbe8-a007-45d5-8f5c-e784b1a4ff98,avatar.link,premium,1950,1950,high,high,6,namecheap,,,21/09/2026 08:49
65170d39-309b-4d1c-83a2-ca09964c033d,coaches.link,premium,300.8,300.8,medium,low,7,namesilo,,,20/09/2026 07:46
f6426407-6cce-41c9-bbf0-09e69c5d2605,muncie.link,premium,26.08,26.08,medium,low,6,spaceship,,,30/09/2026 02:21
deb592f3-3845-4281-843c-1bb41a5637e3,septenary.link,available,4.48,11.98,medium,low,9,namecheap,,,
55e99326-f988-46d9-b069-a16a70dc60d6,further.link,premium,300.8,300.8,high,low,7,namesilo,,,24/09/2026 17:03
6ecbca4b-0d8b-4057-99b8-9f7799a4366f,amaretto.link,premium,77.35,77.35,high,low,8,namesilo,,,18/09/2026 15:58
0967481f-61a8-4bd5-a743-79312b04b75c,argal.link,premium,41.3,41.3,medium,low,5,namesilo,,,20/09/2026 04:10
ec28a8ca-090a-4e4c-a2ba-c88c546c005c,hoover.link,premium,257.06,257.06,high,low,6,porkbun,,,30/09/2026 17:36
92950948-7af5-40a2-ae5d-ec3169487936,reality.link,premium,4830,4830,high,low,7,namesilo,,,26/09/2026 00:09
aea333eb-6303-410b-ac10-a60e77a1d948,scales.link,premium,382.61,382.61,high,low,6,porkbun,,,29/09/2026 09:18
7f85563a-6c3a-4812-9637-a55199b3d14a,mrs.link,premium,1995,1995,high,low,3,namesilo,,,25/09/2026 09:30
7f93c685-c0e7-49f0-b58e-7fe26120fb03,informer.link,premium,305.5,305.5,medium,low,8,namecheap,,,23/09/2026 11:26
95f973ca-8a36-499c-a979-4713e18e9d43,neutrophils.link,available,4.48,11.98,medium,low,11,namecheap,,,30/09/2026 14:46
f635f0ad-1677-4463-9138-d796cd9fb295,loveless.link,premium,168.75,168.75,medium,low,8,name.com,,,24/08/2026 10:09
1a098402-974b-4931-98de-18235340cc06,als.link,premium,960,960,high,low,3,namesilo,,,18/09/2026 14:14
11569e7c-3e22-456b-9cae-20b976c21fc2,aengus.link,premium,29.5,29.5,medium,low,6,namesilo,,,17/09/2026 12:29
e0a78bb5-2739-49bd-9645-292b2d244c9a,weaponry.link,premium,32.5,32.5,medium,low,8,namecheap,,,20/09/2026 07:43
df2f5b69-9a4d-441c-9332-fcc1adf1911a,conic.link,premium,168.75,168.75,high,low,5,name.com,,,12/08/2026 20:39
46786fa2-5c79-4dd6-9995-a6c5ba510a41,mete.link,premium,293.75,293.75,high,low,4,name.com,,,10/08/2026 19:54
10bf59d9-640d-4e35-a8cd-bde30035bdf8,proximal.link,premium,77.35,77.35,high,low,8,namesilo,,,09/09/2026 04:44
dfe46135-3f3f-4e44-b3c8-ea9b995058d2,gracie.link,premium,293.75,293.75,high,low,6,name.com,,,18/09/2026 10:48
67433010-1e0b-46ff-b21d-52fb872b4122,gamely.link,premium,84.5,84.5,medium,low,6,namecheap,,,14/09/2026 21:02
ae186370-e494-4c35-857c-124f92a20252,induced.link,premium,29.5,29.5,high,low,7,namesilo,,,22/08/2026 03:27
1adf9274-fbbf-4a24-accc-1e9a9701ced4,homestead.link,premium,385,385,high,low,9,dynadot,,,30/09/2026 10:09
d2591622-c142-4094-97bc-e477701758c5,daydreams.link,premium,175.5,175.5,medium,low,9,namecheap,,,19/09/2026 21:17
0d9a4ede-03f1-448b-9b83-0313d3e98c5f,experimented.link,available,2.27,7.45,medium,low,12,spaceship,,,30/09/2026 07:34
6e2d2184-f460-471a-ba5a-197b06b99399,bandeau.link,premium,29.5,29.5,medium,low,7,namesilo,,,22/09/2026 01:04
f7620ff3-9e51-4098-bcd4-0b3724358dd2,elihu.link,available,10.5,,medium,low,5,unstoppable,,,01/10/2026 07:45
1f84b840-cedb-42ed-85fe-fa7edbb072c0,rigel.link,premium,448,448,medium,low,5,namesilo,,,23/09/2026 10:56
83b919d5-4681-4066-9fb9-4cdf2d925caa,tests.link,premium,455,455,medium,low,5,namecheap,,,17/09/2026 22:12
c5844153-0b58-4830-848b-35cd496ee01c,cancun.link,premium,448,448,high,low,6,namesilo,,,24/09/2026 12:01
447a1af6-4b01-4e02-a364-58cf5ae550d0,chewy.link,premium,293.75,293.75,high,high,5,name.com,,,12/08/2026 04:32
aea31f03-a6b8-4b76-91ab-7dba9b4ff55f,incompetence.link,available,8.59,8.59,medium,low,12,namesilo,,,30/09/2026 14:30
cfb5b75f-d525-413a-b1dd-31c71251e8a6,tuscaloosa.link,premium,36.43,36.43,medium,low,10,spaceship,,,29/09/2026 02:27
6a2a8594-d388-4cf2-8b57-eb5668c5839e,shin.link,premium,448,448,high,low,4,namesilo,,,29/09/2026 09:47
4f956867-6aeb-4562-b830-936f15755e86,council.link,premium,437.5,437.5,high,low,7,name.com,,,24/09/2026 18:38
b262bc75-b43a-4635-9b8f-bd6c73aaf055,meddling.link,available,4.48,11.98,medium,low,8,namecheap,,,11/08/2026 11:24
936140e5-c96d-4a9d-8ce5-f83de88aac93,drycleaning.link,premium,172.8,172.8,high,low,11,namesilo,,,21/09/2026 04:39
0a3be4d8-21bb-4cfd-a83b-3e959b2d9f8b,etta.link,premium,135.2,,high,low,4,unstoppable,,,30/09/2026 13:19
0059665d-1f77-46de-8fd3-13b34b984341,moldable.link,premium,29.5,29.5,medium,low,8,namesilo,,,25/08/2026 03:42
ff90fa2d-80f0-450c-956f-6994fe77cb40,shareholding.link,premium,26.08,26.08,high,low,12,spaceship,,,02/10/2026 12:16
75f1e040-3a10-4462-80f7-34f085addb41,entrenched.link,available,8.59,8.59,medium,low,10,namesilo,,,24/09/2026 14:13
374ef253-84ef-4980-a718-674954194d30,arable.link,premium,77.35,77.35,medium,low,6,namesilo,,,06/08/2026 11:14
9be03e0d-0cdf-47ae-b307-b40c6848df00,tossing.link,available,8.59,8.59,high,low,7,namesilo,,,30/09/2026 03:58
18bfe838-b57b-41f3-90d1-595fc6f2fb3b,appearances.link,premium,26.08,26.08,low,low,11,spaceship,,,28/09/2026 23:35
f2bae7f2-183d-451f-ad16-d31166f04b1f,ringtail.link,premium,41.3,41.3,medium,low,8,namesilo,,,22/09/2026 12:08
a3adaa4b-bfb5-4ae6-a086-6033c1466e89,baluster.link,available,8.59,8.59,medium,low,8,namesilo,,,22/09/2026 00:22
51b97022-4626-4917-8fb7-edcf56e9c5d8,barbuda.link,premium,41.3,41.3,medium,low,7,namesilo,,,22/09/2026 05:04
06676f09-841e-468e-abd4-d9ba7d495d25,revolution.link,premium,1995,1995,high,low,10,namesilo,,,29/09/2026 21:55
bda79c1b-85cf-42d9-bc79-5ce88486079d,gita.link,premium,448,448,medium,low,4,namesilo,,,23/09/2026 12:33
de46fdc7-4664-47ba-9f17-ef1e85fd72b3,acres.link,premium,305.5,305.5,high,low,5,namecheap,,,17/09/2026 02:56
7e8092ea-fab4-48bc-b490-929d572ed45a,instyle.link,premium,448,448,high,low,8,namesilo,,,17/09/2026 05:05
241fc889-9b63-4ae9-b5ad-8841765de339,rushed.link,premium,41.3,41.3,medium,low,6,namesilo,,,27/09/2026 17:29
83a05c84-8c05-4710-95e1-774a24e35b88,greensburg.link,available,2.27,7.45,medium,low,10,spaceship,,,01/10/2026 12:09
05af2ef4-eb7c-4b82-8512-80d5f07e1e4d,jamesian.link,available,4.48,11.98,medium,low,8,namecheap,,,22/08/2026 12:13
f14c6f66-5488-4b4c-bc71-46ede687cf78,invented.link,premium,67.48,67.48,high,low,8,spaceship,,,01/10/2026 19:48
b4f16fd6-0901-4c2c-bf48-1380729e2780,artery.link,premium,175.5,175.5,high,low,6,namecheap,,,20/09/2026 10:30
0f876303-6cca-48b2-80ed-f1cef283b6d1,bash.link,premium,960,960,high,low,4,namesilo,,,28/09/2026 13:20
919ce9a4-6bec-4a1c-9b18-e32f4a6fdc41,overripe.link,available,4.48,11.98,medium,low,8,namecheap,,,04/09/2026 21:44
0f004098-eb8c-4afa-9056-0c546b804586,estimation.link,premium,168.75,168.75,high,low,10,name.com,,,19/09/2026 22:26
5770c672-d696-49f5-b855-3041ee5a7c32,olfactive.link,premium,41.3,41.3,medium,low,9,namesilo,,,04/09/2026 02:13
672d2d20-8bfb-457c-a094-3eadc67230e2,adele.link,premium,448,448,high,low,5,namesilo,,,28/09/2026 03:38
ec2ddf74-18ff-4894-b993-76d020cf0c7e,cursory.link,premium,29.5,29.5,medium,low,7,namesilo,,,13/08/2026 11:41
41d7cc14-1f0d-4225-8ab7-3e3973e47ab9,balmoral.link,premium,175.5,175.5,high,low,8,namecheap,,,21/09/2026 23:39
b54a7694-abdd-40bb-832a-38706ae36375,practical.link,premium,437.5,437.5,high,low,9,name.com,,,21/08/2026 00:29
9cd3e83e-f7a3-4658-9d58-8bfb0aa24390,adamant.link,premium,437.5,437.5,high,low,7,name.com,,,
29497269-0f5c-48ca-8007-6d617209151d,sew.link,premium,776.45,776.45,high,low,3,spaceship,,,29/09/2026 14:00
8392e7c4-8246-4a8d-b332-43d1fbeaa3e1,captains.link,premium,139.93,139.93,medium,low,8,spaceship,,,28/09/2026 23:33
26bf0737-b0d2-4216-a05e-11ab841cf9cd,endermatic.link,available,4.48,11.98,medium,low,10,namecheap,,,17/08/2026 00:58
2094b422-30a4-47f3-88a4-abea1c1f0f05,volar.link,premium,300.8,300.8,medium,low,5,namesilo,,,05/09/2026 00:00
81a7b31c-45a3-4a4b-9a46-370e09c1740f,abaxial.link,available,4.48,11.98,medium,low,7,namecheap,,,
678f1142-e801-4d70-a38c-efdd77e9e519,archway.link,premium,300.8,300.8,high,low,7,namesilo,,,20/09/2026 02:39
7c8921b8-e1a3-4c61-bcb1-05efa006588e,governments.link,premium,77.35,77.35,low,low,11,namesilo,,,28/09/2026 23:34
ddf9c464-a74f-4e3c-86e9-cbfebed11a1f,chickpeas.link,premium,41.3,41.3,medium,low,9,namesilo,,,20/09/2026 11:04
59a23ce8-1a54-4198-bfac-47c38caa86c8,cryptical.link,premium,29.5,29.5,medium,low,9,namesilo,,,11/08/2026 12:19
fbaf65ee-fea5-473b-b9fe-9676df89beb2,researchers.link,premium,77.35,77.35,medium,low,11,namesilo,,,18/09/2026 17:37
2cdabd11-1ebd-4de0-b9a6-a05385b313b4,guardians.link,premium,362.45,362.45,medium,low,9,spaceship,,,30/09/2026 00:06
b7b68cfe-a2e5-481f-8e9e-8d8f78f141d2,opens.link,premium,4830,4830,medium,low,5,namesilo,,,18/09/2026 23:02
883188e4-48a5-4e97-a0f3-90b53f68bcf2,arches.link,premium,135.2,,medium,low,6,unstoppable,,,30/09/2026 05:05
dee7059b-24ce-4fcf-bf5e-1853200d2536,greylag.link,available,8.59,8.59,medium,low,7,namesilo,,,19/09/2026 12:07
234e260b-8aad-4c74-aa69-102ac22f3545,townshend.link,premium,41.3,41.3,medium,low,9,namesilo,,,29/09/2026 04:20
21f59832-20eb-4b38-80fc-ead736868aed,patently.link,premium,45.5,45.5,medium,low,8,namecheap,,,08/09/2026 20:24
113e5f03-1430-4f48-bdf7-de50dde13751,buttonwood.link,premium,81.25,81.25,medium,low,10,name.com,,,18/09/2026 20:34
adc40136-7add-4ab1-af13-72ff861e326e,acrylate.link,available,8.59,8.59,medium,low,8,namesilo,,,17/09/2026 04:05
9e6dd150-3e36-489a-9796-b8732912e01f,snuffly.link,available,4.48,11.98,high,medium,7,namecheap,,,10/09/2026 12:37
d3e6d7c2-168e-439b-bffc-e809d27024e7,nap.link,premium,960,960,high,low,3,namesilo,,,24/09/2026 13:06
29dfbae3-f919-4c2f-bd22-f65475d1a86b,janet.link,premium,305.5,305.5,high,low,5,namecheap,,,25/09/2026 13:29
e2d0b6a2-1a65-4f08-9f07-ffd6c45f50c0,startled.link,premium,31.25,31.25,medium,low,8,name.com,,,10/09/2026 19:00
0028081c-2913-43f3-9722-f54e065306a5,blueberries.link,premium,172.8,172.8,high,low,11,namesilo,,,17/09/2026 17:28
a4255015-0924-4ddb-9509-f6128f3d8f89,captures.link,premium,36.43,36.43,medium,low,8,spaceship,,,01/10/2026 17:50
a76e963e-f76d-46de-a197-ecefad64041f,congruous.link,available,4.48,11.98,medium,low,9,namecheap,,,12/08/2026 21:56
c2197a64-3a77-4151-8653-0cb17c1b7513,bolted.link,premium,29.5,29.5,medium,low,6,namesilo,,,01/10/2026 16:08
3e3cee87-a68d-4db2-b3d8-4264ec81a756,restore.link,premium,1950,1950,high,low,7,namecheap,,,28/09/2026 01:17
559b8054-ac1e-4b67-a0f0-a112bde8aa45,sculptures.link,premium,65.2,,medium,low,10,unstoppable,,,01/10/2026 17:59
548552d6-208b-4864-91e0-2f970e09c0fa,evasion.link,premium,139.93,139.93,high,low,7,spaceship,,,29/09/2026 18:40
1e89c77e-7bfe-4ff1-8942-75cc254a323f,promotive.link,premium,77.35,77.35,high,low,9,namesilo,,,09/09/2026 03:13
22e14567-4ad6-419a-b605-0393d2e2a847,vending.link,premium,750.2,,high,low,7,unstoppable,,,29/09/2026 07:51
734b453f-cdcf-498c-b123-aed8c6489058,belongs.link,premium,32.5,32.5,high,low,7,namecheap,,,25/09/2026 20:38
2ad35db9-2743-4daa-b59d-d021245c4d22,unsure.link,premium,29.5,29.5,medium,low,6,namesilo,,,22/08/2026 01:08
390c5111-5192-4721-9d57-829e93f360a9,umar.link,premium,139.93,139.93,high,low,4,spaceship,,,29/09/2026 11:35
4b7ac504-68bc-4e4d-bfba-7d0891e79e97,prohibit.link,premium,41.3,41.3,medium,low,8,namesilo,,,30/09/2026 10:37
070360b9-25a7-4ed7-a251-735732b1dabf,mortgages.link,premium,455,455,medium,low,9,namecheap,,,20/09/2026 00:45
58cc7522-0429-4d55-814b-00ec0dc6f39b,comfort.link,premium,1995,1995,high,low,7,namesilo,,,24/09/2026 16:25
798d6e08-c8ec-428c-80e8-5ce77190b898,applicator.link,premium,41.3,41.3,medium,low,10,namesilo,,,19/09/2026 21:55
ce4fdec9-914e-4517-bf3f-ea626735c313,sickish.link,available,4.48,11.98,low,low,7,namecheap,,,03/09/2026 14:05
01ecee0e-0b65-4ee1-89f8-0ccde487e06b,assisting.link,premium,35.2,,high,low,9,unstoppable,,,29/09/2026 14:47
08501a06-27e1-4f83-aab4-63dd37275069,devised.link,premium,38.73,38.73,low,low,7,porkbun,,,29/09/2026 16:34
2a4938c3-6dc8-4297-9ccb-f9d50496590b,delilah.link,premium,135.2,,high,low,7,unstoppable,,,01/10/2026 19:14
ad2b0a2e-44e4-4a2d-b75e-81862a87fee5,salad.link,premium,448,448,high,low,5,namesilo,,,30/09/2026 10:31
ab97847e-59f7-4dd9-be84-592496ed149a,ruttish.link,available,4.48,11.98,medium,low,7,namecheap,,,21/08/2026 14:10
f8f46f68-8d91-4dbb-8358-1975f695366a,supportive.link,premium,141.75,189,high,low,10,namecheap,,,28/09/2026 02:03
9e1097b4-4fed-41a4-bea5-87f562696b09,abusing.link,premium,26.08,26.08,low,low,7,spaceship,,,02/10/2026 01:37
4f7731f3-84be-42e1-8b78-7bb08b2b040a,shahid.link,premium,148.5,148.5,medium,low,6,dynadot,,,02/10/2026 18:39
473eaa0a-a952-4b15-95eb-6505bf7ae128,amerind.link,available,4.48,11.98,medium,low,7,namecheap,,,
b52583b9-b752-4885-892d-ace0fd96b79e,drugless.link,available,4.48,11.98,medium,low,8,namecheap,,,14/08/2026 20:11
9472c56a-49ed-4677-902c-0db30a51c28a,enjoyment.link,premium,67.48,67.48,high,low,9,spaceship,,,01/10/2026 11:07
f5fdb463-ca91-4540-a60b-8f128c418152,tinted.link,premium,71.48,71.48,high,low,6,porkbun,,,03/10/2026 03:13
2efe9509-601e-46b0-a47a-166d96134a17,amphibious.link,premium,41.3,41.3,medium,low,10,namesilo,,,
4fee324f-b0f4-406b-ae1f-6075d7a34f65,thai.link,premium,1875,1875,high,low,4,name.com,,,10/09/2026 07:23
535355d1-853b-457d-aaec-1ccd4501fe66,cores.link,premium,243.43,243.43,medium,low,5,spaceship,,,01/10/2026 16:54
14ad6fad-610c-4941-aada-50972e088574,climbing.link,premium,455,455,high,low,8,namecheap,,,24/09/2026 15:41
85470f71-cb95-4518-9062-d0fcdab996fb,usc.link,premium,960,960,high,low,3,namesilo,,,25/09/2026 14:13
270bfda4-14c3-4071-b389-d6795cab8d5f,rev.link,resell,,,high,medium,3,,,,01/10/2026 21:31
9fa5662e-0c74-42be-95a5-02d093e12407,fare.link,premium,362.45,362.45,high,low,4,spaceship,,,28/09/2026 05:41
4e82b341-7947-4fdc-a83d-55491e31251e,judy.link,premium,300.8,300.8,high,low,4,namesilo,,,25/09/2026 11:45
f5969bd7-1198-4d2d-8ba4-ea1d30421e0f,vera.link,premium,1995,1995,high,medium,4,namesilo,,,28/09/2026 07:03
4e0c32b5-6097-42e9-8304-94623f9f0d17,questioning.link,premium,41.3,41.3,medium,low,11,namesilo,,,27/09/2026 09:01
1603979b-d124-4592-b2b7-a63bff65ec76,pigboat.link,available,4.48,11.98,medium,low,7,namecheap,,,11/09/2026 00:21
22c1ba38-9f28-44b0-982c-e4c0ac4af31f,ablution.link,available,8.59,8.59,medium,low,8,namesilo,,,16/09/2026 16:14
69d91f76-6272-4cdf-b703-3390e9048fe0,wildest.link,premium,35.2,,medium,low,7,unstoppable,,,02/10/2026 21:48
2e79e983-caea-4296-95a3-b7f8bb03fc30,vigilantly.link,available,8.59,8.59,medium,low,10,namesilo,,,16/09/2026 10:54
f559e308-c1c7-476a-b44f-89971cb13031,dude.link,premium,937.5,937.5,high,low,4,name.com,,,13/08/2026 17:07
4041087d-cd45-48b5-a096-3daa237a82b1,portent.link,premium,41.3,41.3,medium,low,7,namesilo,,,09/09/2026 02:55
3271447c-ae5a-422c-a645-e7a5713b0def,effeminate.link,available,4.48,11.98,medium,low,10,namecheap,,,12/08/2026 08:34
9c488dcb-d048-463c-971a-9c9d262eb532,dum.link,premium,243.43,243.43,high,low,3,spaceship,,,01/10/2026 04:59
71dac359-6f6f-4350-8086-9f2e93902c1d,glen.link,premium,362.45,362.45,high,low,4,spaceship,,,29/09/2026 19:03
2d4ab43f-e94d-49af-a096-acc3ee5df9de,michal.link,premium,235.2,,medium,low,6,unstoppable,,,30/09/2026 12:53
29b9cbb9-4430-4ac8-b8e3-99aaf24a90e9,rabbis.link,premium,26.08,26.08,medium,low,6,spaceship,,,02/10/2026 14:22
881d6645-10f7-4b64-a7ba-501872ca5d22,idler.link,premium,77.35,77.35,medium,low,5,namesilo,,,14/08/2026 14:10
9e1eb800-ab59-4c04-ab98-b9fbf9c05e7d,wrinkle.link,premium,77.35,77.35,medium,low,7,namesilo,,,13/08/2026 07:11
22a682b8-137e-4de6-ae1b-8ba260b03239,medicinal.link,premium,168.75,168.75,high,low,9,name.com,,,24/08/2026 19:01
6584afa4-f31e-4496-80a3-f326e07e41cf,lucretia.link,premium,36.43,36.43,medium,low,8,spaceship,,,30/09/2026 21:16
283cfa45-76ce-43bd-8b6e-8e4d724f966c,ambrosia.link,premium,960,960,high,low,8,namesilo,,,18/09/2026 17:26
1f8beb99-2403-4c6b-9471-06bd4dd9e1a2,crinoid.link,available,4.48,11.98,medium,low,7,namecheap,,,13/08/2026 06:58
35f8b3b0-c0b2-4397-babf-7805f9c03e9d,molecule.link,premium,382.61,382.61,high,high,8,porkbun,,,29/09/2026 11:59
b1291453-b44b-4292-bd22-10c3e2636023,rajiv.link,premium,65.2,,medium,low,5,unstoppable,,,01/10/2026 23:58
d1fe895f-fa4b-4994-9cba-21b77ca2e538,appears.link,premium,45.5,45.5,medium,low,7,namecheap,,,25/09/2026 20:18
59b8e68f-45b8-4a4f-9bd7-ff0c4e2340b8,untrue.link,premium,29.5,29.5,medium,low,6,namesilo,,,26/09/2026 03:18
26e14e7c-1cf3-42ab-bbaa-bf53602debfc,lure.link,premium,448,448,high,low,4,namesilo,,,21/09/2026 19:43
b8efdb5b-a53e-4f41-8f94-8848b594a643,quincy.link,premium,300.8,300.8,high,low,6,namesilo,,,28/09/2026 10:11
886152a1-f6e3-4761-8137-711073a3fec5,outsized.link,available,4.48,11.98,medium,low,8,namecheap,,,04/09/2026 19:40
9795d24b-3f12-498b-87b5-431232d462ed,leprous.link,available,4.48,11.98,medium,low,7,namecheap,,,23/08/2026 00:12
502353d9-df40-4f81-b55a-f41a5f91f511,effects.link,premium,305.5,305.5,high,low,7,namecheap,,,27/09/2026 03:49
96b9db06-e3be-47d6-a333-8aad40b071f9,offenders.link,available,7.71,7.71,low,low,9,dynadot,,,29/09/2026 05:55
9ac07cd1-5ce5-4b82-b82c-71125ca5d3fb,mindy.link,premium,243.43,243.43,medium,low,5,spaceship,,,01/10/2026 23:57
024d1019-9a50-43a3-8cd9-205bea840d50,atypical.link,premium,437.5,437.5,high,low,8,name.com,,,07/08/2026 16:06
9b5d12ab-a606-48c8-b654-226138a8be9f,thrown.link,premium,41.3,41.3,medium,low,6,namesilo,,,28/09/2026 09:15
d89b2fbd-c996-4e3f-8624-e44ba4b11daf,sameness.link,available,4.48,11.98,medium,low,8,namecheap,,,21/08/2026 15:12
e932ef9c-217f-4f58-93ef-b56ce5529274,karachi.link,premium,139.93,139.93,medium,low,7,spaceship,,,28/09/2026 02:13
0218dc11-c042-4db3-a8eb-764c99278b7a,rounds.link,premium,172.8,172.8,medium,low,6,namesilo,,,27/09/2026 02:23
d2b45936-8a08-4009-9531-4207195852e3,croat.link,premium,29.5,29.5,medium,low,5,namesilo,,,13/08/2026 07:34
0cb1b694-6698-45a5-ab0e-6fd08af19f73,portsmouth.link,premium,77.35,77.35,high,low,10,namesilo,,,25/09/2026 10:02
ebe174d8-b095-423e-98f0-a13747b2b7b6,tak.link,premium,960,960,high,low,3,namesilo,,,29/09/2026 09:19
41a6a4b7-6457-4200-befe-cd340f8e163d,docking.link,premium,65.2,,high,low,7,unstoppable,,,29/09/2026 06:41
c9a575d0-5a61-462b-8783-3cb6d0b57e2c,backup.link,premium,1500.2,1950,high,low,6,unstoppable,,,01/10/2026 17:07
c4332f49-4066-4b0e-ae95-c73ab046db69,abutment.link,premium,45.5,45.5,high,low,8,namecheap,,,16/09/2026 19:33
eeb0f512-49e1-47d6-9f9b-596f7c09a99c,praiseful.link,available,4.48,11.98,medium,low,9,namecheap,,,22/08/2026 20:51
e423a811-ad97-4f29-bdfb-9180efc5deb3,saharan.link,available,4.48,11.98,high,medium,7,namecheap,,,09/09/2026 20:49
1c797034-0bcd-4c17-99e9-97f5c5b86eee,romances.link,premium,41.3,41.3,medium,low,8,namesilo,,,02/10/2026 03:39
60d9dfbc-88f9-451f-a5c0-0ebcce2337f8,deficient.link,available,4.48,11.98,medium,low,9,namecheap,,,13/08/2026 23:22
dfbf81f8-c15e-4057-a0f7-3f38b322d04d,springfield.link,premium,448,448,high,low,11,namesilo,,,29/09/2026 22:00
f8bf3994-4bad-4aa0-b50c-d6a4d90d51bf,depicted.link,available,4.48,11.98,medium,low,8,namecheap,,,14/08/2026 02:12
c94ad8f7-0d57-4af3-961e-6c98cab7410b,innovative.link,premium,1638.01,1638.01,high,low,10,porkbun,,,02/10/2026 23:26
b40f5649-d574-42b1-94b5-cb108a36fa31,activeness.link,available,8.59,8.59,medium,low,10,namesilo,,,17/09/2026 05:11
93c00a3f-9050-452c-bd4f-bfaf30fa7732,karel.link,premium,257.06,257.06,high,low,5,porkbun,,,29/09/2026 09:01
2a60a5b0-a9a6-4930-b21f-07108abf5554,discipline.link,premium,300.8,300.8,high,low,10,namesilo,,,19/09/2026 11:34
31c587f7-9023-4ebb-acdb-62cbbdc021bc,campestral.link,available,4.48,11.98,medium,low,10,namecheap,,,11/08/2026 16:05
909e66ee-2487-430f-ab87-df9eff5eab98,begs.link,premium,77.35,77.35,low,low,4,namesilo,,,30/09/2026 15:31
648135cf-5a13-4757-92fd-7aba4114096a,dunlap.link,premium,36.43,36.43,medium,low,6,spaceship,,,28/09/2026 12:20
1f0051ba-3c50-4d94-8991-a65928d7762a,novelist.link,premium,71.48,71.48,high,low,8,porkbun,,,29/09/2026 01:44
40bc5074-94d0-4c45-b23c-08191600c3e2,dissimilar.link,available,4.48,11.98,medium,low,10,namecheap,,,14/08/2026 12:48
90437385-3c97-4848-bc12-c35dc34290eb,laugher.link,available,4.48,11.98,high,low,7,namecheap,,,09/09/2026 19:28
2df63da6-715b-409e-93e9-b15c3f3584ef,mansfield.link,premium,300.8,300.8,medium,low,9,namesilo,,,25/09/2026 08:08
a68fb150-3d8d-4f3e-8b97-b39c108695ec,warped.link,premium,77.35,77.35,medium,low,6,namesilo,,,13/09/2026 08:27
60cfdb5f-00db-4fba-b0a7-ea96ad2c7f78,autostrada.link,premium,172.8,172.8,medium,low,10,namesilo,,,21/09/2026 07:54
38fe25d2-1c08-4f07-8dc4-f900b60644c5,monogenic.link,available,4.48,11.98,high,low,9,namecheap,,,25/08/2026 05:13
01c9d886-f648-4bf7-b768-00c2498bb02a,normative.link,premium,43.75,43.75,medium,low,9,name.com,,,03/09/2026 21:19
e3846c25-e84b-41b4-bcc7-437895c90360,actuator.link,premium,172.8,172.8,medium,low,8,namesilo,,,17/09/2026 05:24
827d943e-868d-4f87-bcd6-58d9974a14fe,guitar.link,premium,1552.7,1552.7,high,low,6,spaceship,,,29/09/2026 21:44
9546d601-6544-4b65-9b7a-c9008df61598,inspecting.link,premium,36.43,36.43,high,low,10,spaceship,,,03/10/2026 03:30
0f04acff-888d-441a-a5cb-07d09afd8f58,salary.link,premium,362.45,362.45,high,low,6,spaceship,,,30/09/2026 06:29
6783965e-65ff-4757-aed5-1a51cbf45db0,scurrilous.link,available,4.48,11.98,medium,low,10,namecheap,,,
50474e1c-fbf5-4ee9-b2ec-a8e16eb5390a,copyright.link,premium,1950,1950,high,low,9,namecheap,,,24/09/2026 18:10
253d5503-86db-4f4e-b738-87874394190a,beep.link,premium,960,960,high,low,4,namesilo,,,23/09/2026 01:26
979a0606-daf1-4032-980d-07cb8f1aea71,bleb.link,premium,29.5,29.5,medium,low,4,namesilo,,,24/09/2026 05:21
f0f7dba1-f34e-4b47-86c0-e6f90c283d05,fissile.link,available,4.48,11.98,medium,low,7,namecheap,,,18/08/2026 05:34
b9fd10a0-3b92-4ba8-87e4-9cc8f8fd91bf,athol.link,premium,32.5,32.5,medium,low,5,namecheap,,,02/10/2026 20:52
e0dbfe55-046c-4377-9b1e-13a97c36d726,enron.link,premium,172.8,172.8,high,low,5,namesilo,,,30/09/2026 04:20
4a0038c5-293a-4df9-be18-17b8aa27c0d6,belarusian.link,premium,41.3,41.3,medium,low,10,namesilo,,,09/08/2026 12:32
9d5f8e83-c562-444d-8fcc-9ecb9476736f,secondary.link,premium,300.8,300.8,high,low,9,namesilo,,,25/09/2026 12:14
e663992b-ca53-4db3-aecc-dff4d1792b95,squeal.link,premium,36.43,36.43,medium,low,6,spaceship,,,03/10/2026 01:42
28c9a328-b85a-4356-b82b-ce544407a1a0,florio.link,premium,135.2,,high,low,6,unstoppable,,,01/10/2026 19:36
a5ca7480-9666-495e-a139-ece91ac57fe1,anaerobic.link,available,4.48,11.98,medium,low,9,namecheap,,,
cde9ea92-2c35-485d-8002-be9f9ed45722,encircled.link,available,4.48,11.98,medium,low,9,namecheap,,,16/08/2026 22:19
8e7860df-444c-4c91-abe3-395cc031aa57,petallike.link,available,4.48,11.98,medium,low,9,namecheap,,,08/09/2026 18:13
c2654de1-4200-40a7-acfe-e5a76a2c88a2,piers.link,premium,147.9,147.9,medium,low,5,porkbun,,,02/10/2026 19:23
8f5252fa-5dfc-4f44-bf40-6c1086521b7b,wellington.link,premium,448,448,high,low,10,namesilo,,,20/09/2026 11:08
5b55fe33-c002-4c64-bd8a-632999666617,abaya.link,premium,172.8,172.8,medium,low,5,namesilo,,,16/09/2026 14:18
82f3dba5-1383-4e05-894f-16efbe049dca,femoral.link,available,4.48,11.98,medium,low,7,namecheap,,,18/08/2026 01:05
676d8527-8971-418b-85d0-0acac88363de,cartoons.link,premium,258.5,258.5,medium,low,8,dynadot,,,29/09/2026 00:08
548c5a26-223e-4591-8a05-0cf6ef93ea07,danceable.link,available,10.99,13.99,high,low,9,name.com,,,13/08/2026 16:59
dddf8e40-02a1-471e-9aba-2d3706fc2312,pasang.link,premium,29.5,29.5,high,low,6,namesilo,,,23/09/2026 12:24
44ac61d5-4dcc-4a6f-beb9-603963229e3c,disappoint.link,premium,25.2,,medium,low,10,unstoppable,,,29/09/2026 14:14
f5f972f2-f08f-4665-b807-4d5a385af700,toffee.link,premium,168.75,168.75,high,low,6,name.com,,,11/08/2026 04:53
76b65c6f-e931-4fcd-8359-d73f579e1487,bodies.link,premium,77.35,77.35,medium,low,6,namesilo,,,25/09/2026 16:46
13340a44-7091-44c1-979e-1d813f52d78e,quad.link,premium,776.45,776.45,high,low,4,spaceship,,,29/09/2026 13:30
a55dfe45-cff4-49ab-9f87-d1be45bba974,circulate.link,premium,172.8,172.8,high,low,9,namesilo,,,01/10/2026 04:10
bea9bd1a-bdc1-4cca-9325-854f62910fa7,redwing.link,premium,175.5,175.5,high,low,7,namecheap,,,17/09/2026 16:57
979d8391-405d-425e-a992-4173994c85a9,rambo.link,premium,382.61,382.61,high,low,5,porkbun,,,01/10/2026 23:13
4d377092-873d-4712-a517-0f98c4a047e9,ottoman.link,premium,172.8,172.8,high,low,7,namesilo,,,04/09/2026 18:38
b4d7c933-96d8-4fb1-8e27-7a50d7a2f5ae,chunky.link,premium,168.75,168.75,high,low,6,name.com,,,12/08/2026 07:44
a0dca176-1eee-4300-96d6-4021f6285f64,wylie.link,premium,148.5,148.5,medium,low,5,dynadot,,,28/09/2026 13:59
5590d499-7442-42a6-9c5d-55ebac3857ae,introductory.link,available,8.59,8.59,high,low,12,namesilo,,,
4d65e4af-8571-4a39-a54f-2fa0f926ac7f,hoax.link,premium,172.8,172.8,high,low,4,namesilo,,,30/09/2026 01:25
dc5601ca-2350-49a6-b857-7f1d80010101,postsecondary.link,available,10.5,,medium,low,13,unstoppable,,,30/09/2026 06:10
e07efd44-43d2-4965-80ab-6a9a50063eb2,phantasma.link,premium,84.5,84.5,high,low,9,namecheap,,,08/09/2026 18:38
cb32bced-fd10-4d72-9b9d-92caf6b80215,girdle.link,premium,41.3,41.3,high,low,6,namesilo,,,24/09/2026 15:02
40024f91-2c4a-447e-aa39-8dc436a40ff6,bell.link,premium,1638.01,1638.01,high,low,4,porkbun,,,28/09/2026 20:18
682e64fa-8ba4-45c7-89ef-72b674047512,border.link,premium,455,455,high,low,6,namecheap,,,23/09/2026 00:10
af8025c6-c204-4761-b54c-72ef3dc94cd2,auburn.link,premium,300.8,300.8,high,low,6,namesilo,,,22/09/2026 12:02
7ce37ab6-19bb-459e-ab0a-dceb4f83e4e2,belch.link,premium,29.5,29.5,medium,low,5,namesilo,,,23/09/2026 04:34
4f177fda-2017-4cde-ad68-935ac8af7fbe,sheldon.link,premium,300.8,300.8,high,low,7,namesilo,,,25/09/2026 15:25
74089252-5db1-472a-ac7a-36575e329f97,lxxxv.link,available,4.48,11.98,medium,low,5,namecheap,,,
6a1fee93-f4c9-4e8c-8fea-6d3d0cdd965f,alaskan.link,premium,168.75,168.75,high,low,7,name.com,,,
e7b76da2-0599-4abf-a12f-aefa0644de45,ceilings.link,premium,77.35,77.35,medium,low,8,namesilo,,,30/09/2026 16:13
5c0b1877-cf0a-4d30-8318-5a20d1af23d4,webmasters.link,premium,455,455,medium,low,10,namecheap,,,18/09/2026 23:06
ae12d460-00df-46af-90aa-9125d3f59c69,frustrated.link,premium,43.75,43.75,medium,low,10,name.com,,,24/09/2026 10:57
81486290-362b-4d5b-8749-7e815c114fe1,chronological.link,premium,29.5,29.5,medium,low,13,namesilo,,,01/10/2026 04:53
093f3bde-0f70-4e86-a00c-e519789efaac,regiments.link,available,2.27,7.45,medium,low,9,spaceship,,,02/10/2026 22:16
c24f3a3f-ee4a-4630-a063-bb5b67fad9be,ojibwe.link,available,10.5,,medium,low,6,unstoppable,,,02/10/2026 08:24
c643e961-fbb2-46a4-a6b0-c1c23472bfbd,pith.link,premium,77.35,77.35,high,low,4,namesilo,,,14/09/2026 23:55
b4a47f05-34b1-4e47-a9f3-e88b0068aec6,defect.link,premium,172.8,172.8,high,low,6,namesilo,,,24/09/2026 05:34
8e78c287-8c41-4d7c-a3dd-ffd8753dddba,britton.link,premium,172.8,172.8,medium,low,7,namesilo,,,28/09/2026 12:10
d0d10749-305d-4449-884f-64bb81c06c9c,turban.link,premium,71.5,71.5,high,low,6,dynadot,,,02/10/2026 16:23
b5ad61f3-87d1-466e-9224-079d41f01692,lng.link,premium,448,448,high,low,3,namesilo,,,28/09/2026 13:00
0044740f-3300-4d47-8341-8c4fee2661e2,uncaused.link,available,4.48,11.98,medium,low,8,namecheap,,,18/08/2026 12:45
2fb5a2c8-7465-4787-be25-f1eacb750a7b,achievement.link,premium,235.2,,high,low,11,unstoppable,,,28/09/2026 08:12
9fd03a71-b8e1-4eb4-9a0c-28bea88d7dbc,squalid.link,available,4.48,11.98,medium,low,7,namecheap,,,10/09/2026 14:31
11cc120e-d593-40ad-855f-9a8a27cff25d,chairwoman.link,premium,29.5,29.5,high,low,10,namesilo,,,29/09/2026 07:58
c77bfcf6-c110-4ba6-aa5f-6be351e79a0b,anglican.link,premium,168.75,168.75,high,low,8,name.com,,,
11e224f9-6698-4685-8773-ee12ea921894,hands.link,premium,448,448,high,low,5,namesilo,,,08/09/2026 04:01
bd6e9e29-1d79-47b9-960a-1973234d8c21,cupid.link,premium,448,448,high,low,5,namesilo,,,18/09/2026 22:35
02e27415-f021-414d-84a9-b197e9368e8a,laying.link,premium,29.5,29.5,high,low,6,namesilo,,,25/09/2026 22:34
2f970de1-2d28-4591-a99c-b55a6ba0d528,lubbock.link,premium,67.48,67.48,medium,low,7,spaceship,,,28/09/2026 10:18
7bc123f1-44ac-436a-81a0-1d4b760969f8,adsorbent.link,available,4.48,11.98,medium,low,9,namecheap,,,
70037b6f-449f-4999-8933-e9c20ab5bada,fauna.link,premium,437.5,437.5,high,low,5,name.com,,,
986c3dc7-3f05-4fea-9dd2-651d9d0a77a1,gaspar.link,premium,257.06,257.06,high,low,6,porkbun,,,29/09/2026 18:14
534fa530-bd6d-4f13-a6a4-b3236e69cb5a,cardigan.link,premium,172.8,172.8,high,low,8,namesilo,,,24/09/2026 12:52
1082d4e0-229a-4897-93f5-e620d0c1ae5d,supplicant.link,available,4.48,11.98,medium,low,10,namecheap,,,11/09/2026 03:28
97000073-79e5-49b8-b574-1006d2547d21,ironclad.link,premium,293.75,293.75,high,low,8,name.com,,,11/08/2026 02:30
63850bdf-5573-4f13-976c-2db303a0708c,advertence.link,available,8.59,8.59,medium,low,10,namesilo,,,17/09/2026 11:06
0a86eb56-29e1-4354-aac0-9c10705303f6,unmined.link,available,4.48,11.98,medium,low,7,namecheap,,,12/09/2026 15:41
d4e29bf9-a456-4e72-b8b2-8d28d4eab5bd,meat.link,premium,1950,1950,high,low,4,namecheap,,,14/09/2026 23:51
0775cb0c-14f5-40c7-b1a5-eea7f1ea2ab4,graphene.link,resell,,,high,low,8,,,,30/09/2026 19:52
8bb9e756-6907-4ee9-ba3d-c42b4004f30d,lug.link,premium,257.06,257.06,high,low,3,porkbun,,,02/10/2026 15:59
a42841a3-c27b-4b0c-8eaa-26e5d76b542b,renee.link,premium,350.2,,medium,low,5,unstoppable,,,28/09/2026 21:55
4d522757-9552-4f0b-a2d7-8e5bb028cddc,roofed.link,available,4.48,11.98,high,medium,6,namecheap,,,09/09/2026 18:33
438c7ea3-9b67-452e-af3b-fba7853187b4,complication.link,premium,27.82,27.82,medium,low,12,porkbun,,,29/09/2026 23:25
fb8e511f-efb8-4567-beb3-f2bae2e6857c,montclair.link,premium,77.35,77.35,medium,low,9,namesilo,,,29/09/2026 04:37
b2e2d26c-130f-4fd0-aa5b-cf16be27ca4a,bedamn.link,available,10.99,13.99,low,low,6,name.com,,,13/08/2026 16:21
e2974658-d147-4c34-95f6-54c82b451a1b,cherub.link,premium,172.8,172.8,high,low,6,namesilo,,,24/09/2026 14:18
d91aeb0e-7189-4282-8973-82ecb9e779bc,odorous.link,available,4.48,11.98,medium,low,7,namecheap,,,04/09/2026 00:54
2f88a4fa-bebb-473e-905f-c7e831c428a5,hieroglyph.link,premium,41.3,41.3,medium,low,10,namesilo,,,21/08/2026 08:33
18fc4b74-029b-44f1-847e-76a1287deec4,parks.link,premium,975,975,high,low,5,namecheap,,,30/09/2026 06:26
76ab0def-d811-4226-afe1-51904f59ae17,disorder.link,premium,172.8,172.8,high,low,8,namesilo,,,24/09/2026 22:27
c40e840f-2eac-483c-914f-b812bfcdbbff,philip.link,premium,362.45,362.45,high,low,6,spaceship,,,29/09/2026 17:06
233b0fd2-4f78-4062-b518-c11f77847168,europeans.link,premium,67.48,67.48,medium,low,9,spaceship,,,30/09/2026 15:43
779482a0-e487-4b9e-a052-e98316f9cf29,distributors.link,premium,77.35,77.35,medium,low,12,namesilo,,,02/10/2026 03:29
23c4c75d-23f1-41ca-a7a4-3562e3dad93f,tirelessly.link,available,4.48,11.98,high,low,10,namecheap,,,15/09/2026 07:50
45bcef08-6be8-47da-b300-46189394ff49,tobin.link,premium,300.8,300.8,high,low,5,namesilo,,,28/09/2026 06:04
7b0aba1a-db42-424c-9e6f-acb3a923fb6d,chronicles.link,premium,139.93,139.93,medium,low,10,spaceship,,,03/10/2026 04:49
8ffb192b-5994-46d6-a3f9-e39206de05e2,billy.link,premium,960,960,high,low,5,namesilo,,,23/09/2026 16:44
eff6e4cb-98c1-44e7-894a-169d74a2d2c6,commend.link,premium,243.43,243.43,high,low,7,spaceship,,,30/09/2026 17:25
081ce610-04fa-49b1-b2cf-2ac30d6ff497,coronation.link,premium,139.93,139.93,high,high,10,spaceship,,,30/09/2026 01:06
aa9aaf61-26f5-47c4-8f1f-6acfd73d5dbc,astronomical.link,premium,67.48,67.48,high,low,12,spaceship,,,29/09/2026 14:28
edc7c03a-1054-4d0b-8ce0-54ef25bed2ac,unaided.link,available,4.48,11.98,medium,low,7,namecheap,,,12/09/2026 00:13
5a412641-ff42-4c54-8b98-a6ce059e9489,yearbook.link,premium,300.8,300.8,high,low,8,namesilo,,,02/10/2026 16:06
d93b0548-4cb0-4bc7-bf78-42169212991d,reformable.link,available,4.48,11.98,high,medium,10,namecheap,,,09/09/2026 12:43
d5fc265d-b8cc-4fc4-bf0e-d458d8c927b9,resistance.link,premium,448,448,high,low,10,namesilo,,,12/09/2026 07:26
74b8ed1f-e6c2-4965-bee2-ca1957121747,tom.link,resell,,,high,medium,3,,,,28/09/2026 20:41
d8ef5068-2754-4660-879b-ff916a4fc01f,receiving.link,premium,41.3,41.3,high,low,9,namesilo,,,27/09/2026 17:11
d3289c18-3730-4b5d-beff-ed1d03d48a73,cba.link,premium,960,960,high,low,3,namesilo,,,28/09/2026 21:48
ed094fe5-68cd-49e1-8238-6e22cdd75f50,camel.link,premium,960,960,high,low,5,namesilo,,,28/09/2026 01:20
5e67a965-5ae8-4998-af4b-0c8d2fa8ca8a,pancake.link,premium,448,448,high,low,7,namesilo,,,22/09/2026 14:28
d2f3d7fe-e6e3-4324-ba0a-04e026a7c3bb,kindness.link,premium,350.2,490,high,low,8,unstoppable,,,29/09/2026 19:54
3f8e5a9f-3a55-4258-babd-52214497a031,fulgurous.link,available,10.99,13.99,medium,low,9,name.com,,,13/08/2026 19:01
e4e78c63-ea45-4a11-bbf8-53ea37bae280,strabismus.link,premium,32.5,32.5,medium,low,10,namecheap,,,10/09/2026 17:49
ebc7f574-345b-41d0-b9d6-e1ad7808e5d0,explicit.link,premium,293.75,293.75,high,low,8,name.com,,,17/08/2026 18:24
d403fd2a-1428-4dad-8d20-fcdd712432ee,testosterone.link,premium,235.2,,high,low,12,unstoppable,,,29/09/2026 10:23
344d95cb-c67f-419d-b360-4c5b9e4738be,abrader.link,available,8.59,8.59,medium,low,7,namesilo,,,16/09/2026 16:48
65fe2516-c6b4-4bdc-b35b-f7279e0f9867,rejection.link,premium,38.73,38.73,high,low,9,porkbun,,,30/09/2026 09:31
6ef588de-6c94-47ef-9dc2-bf8939556ed7,energetic.link,premium,293.75,293.75,high,low,9,name.com,,,17/08/2026 05:58
2f448599-b000-4308-97d5-4773c071c5ac,pleased.link,premium,77.35,77.35,high,low,7,namesilo,,,27/09/2026 04:08
be4d9353-6723-4cdb-98b9-21d9a092cb9c,nominee.link,premium,77.35,77.35,high,low,7,namesilo,,,29/09/2026 06:17
d6d78adc-42a7-4c63-ac57-0f9e5afbc2dd,bloodline.link,premium,172.8,172.8,high,low,9,namesilo,,,08/09/2026 13:11
4b944c4d-0ed5-4d5a-951a-5068dd607b5d,mendocino.link,premium,35.2,,medium,low,9,unstoppable,,,29/09/2026 22:47
fb880d8e-f95f-4461-aa12-f09e026f1fb1,unbelievable.link,premium,139.93,139.93,high,low,12,spaceship,,,28/09/2026 07:08
a4925a4a-0624-40ee-a245-1f2185effb37,meningitis.link,premium,36.43,36.43,medium,low,10,spaceship,,,02/10/2026 16:05
6b28f9ec-8c65-40ca-8d0f-50b7e4e05006,ith.link,premium,362.45,362.45,medium,low,3,spaceship,,,02/10/2026 17:36
f01bea82-a1ea-4b1a-a31e-514c7eed4fd1,bollard.link,premium,172.8,172.8,medium,low,7,namesilo,,,23/09/2026 22:48
c29d84af-a569-4a23-9e6e-cdce03a5f963,parliamentary.link,premium,36.43,36.43,medium,low,13,spaceship,,,01/10/2026 06:10
f3e617b3-d8a9-490f-a010-ed6e50e2792b,bench.link,premium,960,960,high,low,5,namesilo,,,23/09/2026 07:36
d7743920-279a-431c-81de-6f6f3a30e571,drear.link,available,4.48,11.98,medium,low,5,namecheap,,,14/08/2026 11:45
504a096b-b63e-450e-be91-55845180919d,connors.link,premium,139.93,139.93,medium,low,7,spaceship,,,29/09/2026 06:24
e3a4c39a-801b-4411-8e31-7d849097ee76,mistook.link,available,2.27,7.45,low,low,7,spaceship,,,02/10/2026 21:18
408c0f62-caf0-410b-bbf9-51b4513b9c33,tend.link,premium,385,385,high,low,4,dynadot,,,29/09/2026 23:54
e42e927d-d993-4d0b-9567-e9569eff060c,countries.link,premium,139.93,139.93,medium,low,9,spaceship,,,03/10/2026 00:52
bcae6de1-0f0b-472d-8503-2424a46118af,almighty.link,premium,293.75,293.75,high,low,8,name.com,,,
7bf78710-144a-4c3c-bd28-d1cc05fcf9d1,charitable.link,premium,168.75,168.75,high,low,10,name.com,,,12/08/2026 02:34
9937dcf9-d3ca-4a89-8a8b-03a102c84d3a,plates.link,premium,172.8,172.8,medium,low,6,namesilo,,,27/09/2026 02:22
54a53010-5d17-4a8d-8882-d304894e87d2,slept.link,premium,65.81,87.75,medium,low,5,namecheap,,,
99c513b2-f928-4ee5-8718-a05d84f8f9b5,ammeter.link,available,8.59,8.59,medium,low,7,namesilo,,,18/09/2026 22:00
6d5a8a3b-db64-43e5-b543-583cc04c00f7,kissing.link,premium,172.8,172.8,high,low,7,namesilo,,,24/09/2026 12:56
3b9e2e5a-8bf9-4f9a-97fd-6360f349cf5d,fitzgerald.link,premium,305.5,305.5,high,low,10,namecheap,,,25/09/2026 05:15
6043874e-a566-4b28-b2d8-ae2a8091a4e4,unlabeled.link,premium,77.35,77.35,medium,low,9,namesilo,,,12/09/2026 14:28
44a48bda-1c81-46b6-988a-79090e17c5b0,altona.link,premium,67.48,67.48,medium,low,6,spaceship,,,03/10/2026 04:24
e346b742-aa58-44ac-abc1-c97d64241612,environmentally.link,available,8.59,8.59,medium,low,15,namesilo,,,
73919e29-b504-479b-ae98-a4b0652a6875,presidential.link,premium,300.8,300.8,high,low,12,namesilo,,,27/09/2026 17:17
901895c9-092b-49a5-b894-c53fdd05ccfc,smuts.link,premium,32.5,32.5,medium,low,5,namecheap,,,02/10/2026 05:27
bc7fae4c-b00e-4882-bf93-001059f8a8a3,choirs.link,premium,41.3,41.3,medium,low,6,namesilo,,,17/09/2026 06:51
635e40c2-8046-4a28-a806-ddb39bb3acb4,sectors.link,premium,35.2,,medium,low,7,unstoppable,,,01/10/2026 17:50
ed519c4b-f455-4a5d-b363-6607e4a98b59,parting.link,premium,35.2,,high,low,7,unstoppable,,,29/09/2026 13:17
385843bd-4b6d-43a3-86a4-5970c61a59f5,dickenson.link,premium,26.08,26.08,medium,low,9,spaceship,,,03/10/2026 05:38
adcee270-2294-45af-a549-cddcd82d9479,beachfront.link,premium,305.5,305.5,high,low,10,namecheap,,,22/09/2026 19:04
76073eca-bc1f-435d-b050-5f2c8d3f1037,equatorial.link,premium,41.3,41.3,high,low,10,namesilo,,,17/08/2026 11:40
19064494-0147-43f1-b86f-99b435f98d85,ombu.link,premium,77.35,77.35,medium,low,4,namesilo,,,23/09/2026 05:53
3ec82fbb-da12-488e-8505-6ca7ecc2bcb2,witches.link,premium,139.93,139.93,medium,low,7,spaceship,,,27/09/2026 11:53
ab14332f-6110-4354-bbcf-35e257477556,academics.link,premium,300.8,300.8,high,low,9,namesilo,,,01/10/2026 03:36
8b1347a2-5c20-45c4-bb23-6d2d0b8b6857,doors.link,premium,960,960,high,low,5,namesilo,,,25/09/2026 19:46
047c271f-28b6-40e4-9196-72f63c8d6d96,penalty.link,premium,172.8,172.8,high,low,7,namesilo,,,27/09/2026 04:58
6585fa15-9043-454e-91f2-1f294a2c7c09,boxes.link,premium,448,448,medium,low,5,namesilo,,,17/09/2026 04:37
730ef71c-43ca-493a-be49-0f1d1dd261ba,executions.link,available,2.27,7.45,medium,low,10,spaceship,,,30/09/2026 07:47
d508d9a6-f16c-4dbe-a944-0dcb08f2d67e,requester.link,premium,29.5,29.5,medium,low,9,namesilo,,,11/09/2026 03:33
3a3db589-bf0d-4bcb-a3a6-1b31270cff68,emblems.link,premium,65.2,,medium,low,7,unstoppable,,,28/09/2026 18:24
20924319-c1f7-47e1-af4c-0ea37819dfcb,performed.link,premium,36.75,49,medium,low,9,namecheap,,,
71af742b-b997-4172-8806-aa27e5948c20,rails.link,premium,362.45,362.45,high,low,5,spaceship,,,30/09/2026 02:39
fb372657-9d9c-4dff-8404-234f5b0be7fa,aged.link,premium,168.75,168.75,high,low,4,name.com,,,21/09/2026 22:26
fe809b14-5d40-402a-b77e-e6831fbd2a3b,mclachlan.link,premium,35.2,,medium,low,9,unstoppable,,,02/10/2026 20:58
400a09f2-c435-4078-a286-a3394333ab82,botanic.link,premium,293.75,293.75,high,low,7,name.com,,,10/08/2026 20:46